CatCode,Category,Item,ItemType,Formula,AmtYr1,AmtYr2,AmtYr3,AmtYr4,AmtYr5,NoteYr1,NoteYr2,NoteYr3,NoteYr4,NoteYr5,,,,,,,,,,,,,,,,
CAGS,Cash and Govt Securities,Cash and Govt Securities,CAT,SumItems,2594,2202,2309,3316,3420,,,,,,"{CatCode: 'CAGS', ","Category: 'Cash and Govt Securities', ","Item: 'Cash and Govt Securities', ","ItemType: 'CAT', ","Formula: 'SumItems', ","AmtYr1: '2594', ","AmtYr2: '2202', ","AmtYr3: '2309', ","AmtYr4: '3316', ","AmtYr5: '3420', ","NoteYr1: '', ","NoteYr2: '', ","NoteYr3: '', ","NoteYr4: '', ","NoteYr5: '', },","{CatCode: 'CAGS', Category: 'Cash and Govt Securities', Item: 'Cash and Govt Securities', ItemType: 'CAT', Formula: 'SumItems', AmtYr1: '2594', AmtYr2: '2202', AmtYr3: '2309', AmtYr4: '3316', AmtYr5: '3420', NoteYr1: '', NoteYr2: '', NoteYr3: '', NoteYr4: '', NoteYr5: '', },"
CAGS,Cash and Govt Securities,Cash,ITEM,NA,594,202,309,1316,1420,,,,,,"{CatCode: 'CAGS', ","Category: 'Cash and Govt Securities', ","Item: 'Cash', ","ItemType: 'ITEM', ","Formula: 'NA', ","AmtYr1: '594', ","AmtYr2: '202', ","AmtYr3: '309', ","AmtYr4: '1316', ","AmtYr5: '1420', ","NoteYr1: '', ","NoteYr2: '', ","NoteYr3: '', ","NoteYr4: '', ","NoteYr5: '', },","{CatCode: 'CAGS', Category: 'Cash and Govt Securities', Item: 'Cash', ItemType: 'ITEM', Formula: 'NA', AmtYr1: '594', AmtYr2: '202', AmtYr3: '309', AmtYr4: '1316', AmtYr5: '1420', NoteYr1: '', NoteYr2: '', NoteYr3: '', NoteYr4: '', NoteYr5: '', },"
CAGS,Cash and Govt Securities,Fixed Deposit,ITEM,NA,2000,2000,2000,2000,2000,,,,,,"{CatCode: 'CAGS', ","Category: 'Cash and Govt Securities', ","Item: 'Fixed Deposit', ","ItemType: 'ITEM', ","Formula: 'NA', ","AmtYr1: '2000', ","AmtYr2: '2000', ","AmtYr3: '2000', ","AmtYr4: '2000', ","AmtYr5: '2000', ","NoteYr1: '', ","NoteYr2: '', ","NoteYr3: '', ","NoteYr4: '', ","NoteYr5: '', },","{CatCode: 'CAGS', Category: 'Cash and Govt Securities', Item: 'Fixed Deposit', ItemType: 'ITEM', Formula: 'NA', AmtYr1: '2000', AmtYr2: '2000', AmtYr3: '2000', AmtYr4: '2000', AmtYr5: '2000', NoteYr1: '', NoteYr2: '', NoteYr3: '', NoteYr4: '', NoteYr5: '', },"
CAGS,Cash and Govt Securities,Government Securities,ITEM,NA,,,,,,,,,,,"{CatCode: 'CAGS', ","Category: 'Cash and Govt Securities', ","Item: 'Government Securities', ","ItemType: 'ITEM', ","Formula: 'NA', ","AmtYr1: '', ","AmtYr2: '', ","AmtYr3: '', ","AmtYr4: '', ","AmtYr5: '', ","NoteYr1: '', ","NoteYr2: '', ","NoteYr3: '', ","NoteYr4: '', ","NoteYr5: '', },","{CatCode: 'CAGS', Category: 'Cash and Govt Securities', Item: 'Government Securities', ItemType: 'ITEM', Formula: 'NA', AmtYr1: '', AmtYr2: '', AmtYr3: '', AmtYr4: '', AmtYr5: '', NoteYr1: '', NoteYr2: '', NoteYr3: '', NoteYr4: '', NoteYr5: '', },"
MS,Marketable Securities,Marketable Securities,CAT,SumItems,0,0,0,0,0,,,,,,"{CatCode: 'MS', ","Category: 'Marketable Securities', ","Item: 'Marketable Securities', ","ItemType: 'CAT', ","Formula: 'SumItems', ","AmtYr1: '0', ","AmtYr2: '0', ","AmtYr3: '0', ","AmtYr4: '0', ","AmtYr5: '0', ","NoteYr1: '', ","NoteYr2: '', ","NoteYr3: '', ","NoteYr4: '', ","NoteYr5: '', },","{CatCode: 'MS', Category: 'Marketable Securities', Item: 'Marketable Securities', ItemType: 'CAT', Formula: 'SumItems', AmtYr1: '0', AmtYr2: '0', AmtYr3: '0', AmtYr4: '0', AmtYr5: '0', NoteYr1: '', NoteYr2: '', NoteYr3: '', NoteYr4: '', NoteYr5: '', },"
MS,Marketable Securities,Marketable Securities,ITEM,NA,,,,,,,,,,,"{CatCode: 'MS', ","Category: 'Marketable Securities', ","Item: 'Marketable Securities', ","ItemType: 'ITEM', ","Formula: 'NA', ","AmtYr1: '', ","AmtYr2: '', ","AmtYr3: '', ","AmtYr4: '', ","AmtYr5: '', ","NoteYr1: '', ","NoteYr2: '', ","NoteYr3: '', ","NoteYr4: '', ","NoteYr5: '', },","{CatCode: 'MS', Category: 'Marketable Securities', Item: 'Marketable Securities', ItemType: 'ITEM', Formula: 'NA', AmtYr1: '', AmtYr2: '', AmtYr3: '', AmtYr4: '', AmtYr5: '', NoteYr1: '', NoteYr2: '', NoteYr3: '', NoteYr4: '', NoteYr5: '', },"
NAR,Net Account Receivables,Net Account Receivables,CAT,SumItems,4846,396,56146,95383,110798,,,,,,"{CatCode: 'NAR', ","Category: 'Net Account Receivables', ","Item: 'Net Account Receivables', ","ItemType: 'CAT', ","Formula: 'SumItems', ","AmtYr1: '4846', ","AmtYr2: '396', ","AmtYr3: '56146', ","AmtYr4: '95383', ","AmtYr5: '110798', ","NoteYr1: '', ","NoteYr2: '', ","NoteYr3: '', ","NoteYr4: '', ","NoteYr5: '', },","{CatCode: 'NAR', Category: 'Net Account Receivables', Item: 'Net Account Receivables', ItemType: 'CAT', Formula: 'SumItems', AmtYr1: '4846', AmtYr2: '396', AmtYr3: '56146', AmtYr4: '95383', AmtYr5: '110798', NoteYr1: '', NoteYr2: '', NoteYr3: '', NoteYr4: '', NoteYr5: '', },"
NAR,Net Account Receivables,Net Trade Receivables,ITEM,NA,4846,396,56146,95383,110798,,,,,,"{CatCode: 'NAR', ","Category: 'Net Account Receivables', ","Item: 'Net Trade Receivables', ","ItemType: 'ITEM', ","Formula: 'NA', ","AmtYr1: '4846', ","AmtYr2: '396', ","AmtYr3: '56146', ","AmtYr4: '95383', ","AmtYr5: '110798', ","NoteYr1: '', ","NoteYr2: '', ","NoteYr3: '', ","NoteYr4: '', ","NoteYr5: '', },","{CatCode: 'NAR', Category: 'Net Account Receivables', Item: 'Net Trade Receivables', ItemType: 'ITEM', Formula: 'NA', AmtYr1: '4846', AmtYr2: '396', AmtYr3: '56146', AmtYr4: '95383', AmtYr5: '110798', NoteYr1: '', NoteYr2: '', NoteYr3: '', NoteYr4: '', NoteYr5: '', },"
NAR,Net Account Receivables,Less : Provision,ITEM,NA,,,,,,,,,,,"{CatCode: 'NAR', ","Category: 'Net Account Receivables', ","Item: 'Less : Provision', ","ItemType: 'ITEM', ","Formula: 'NA', ","AmtYr1: '', ","AmtYr2: '', ","AmtYr3: '', ","AmtYr4: '', ","AmtYr5: '', ","NoteYr1: '', ","NoteYr2: '', ","NoteYr3: '', ","NoteYr4: '', ","NoteYr5: '', },","{CatCode: 'NAR', Category: 'Net Account Receivables', Item: 'Less : Provision', ItemType: 'ITEM', Formula: 'NA', AmtYr1: '', AmtYr2: '', AmtYr3: '', AmtYr4: '', AmtYr5: '', NoteYr1: '', NoteYr2: '', NoteYr3: '', NoteYr4: '', NoteYr5: '', },"
NARRP,Net Account Receivables (Related Parties),Net Account Receivables (Related Parties),CAT,SumItems,0,0,0,0,0,,,,,,"{CatCode: 'NARRP', ","Category: 'Net Account Receivables (Related Parties)', ","Item: 'Net Account Receivables (Related Parties)', ","ItemType: 'CAT', ","Formula: 'SumItems', ","AmtYr1: '0', ","AmtYr2: '0', ","AmtYr3: '0', ","AmtYr4: '0', ","AmtYr5: '0', ","NoteYr1: '', ","NoteYr2: '', ","NoteYr3: '', ","NoteYr4: '', ","NoteYr5: '', },","{CatCode: 'NARRP', Category: 'Net Account Receivables (Related Parties)', Item: 'Net Account Receivables (Related Parties)', ItemType: 'CAT', Formula: 'SumItems', AmtYr1: '0', AmtYr2: '0', AmtYr3: '0', AmtYr4: '0', AmtYr5: '0', NoteYr1: '', NoteYr2: '', NoteYr3: '', NoteYr4: '', NoteYr5: '', },"
NARRP,Net Account Receivables (Related Parties),Trade Receivables due from Related Parties,ITEM,NA,,,,,,,,,,,"{CatCode: 'NARRP', ","Category: 'Net Account Receivables (Related Parties)', ","Item: 'Trade Receivables due from Related Parties', ","ItemType: 'ITEM', ","Formula: 'NA', ","AmtYr1: '', ","AmtYr2: '', ","AmtYr3: '', ","AmtYr4: '', ","AmtYr5: '', ","NoteYr1: '', ","NoteYr2: '', ","NoteYr3: '', ","NoteYr4: '', ","NoteYr5: '', },","{CatCode: 'NARRP', Category: 'Net Account Receivables (Related Parties)', Item: 'Trade Receivables due from Related Parties', ItemType: 'ITEM', Formula: 'NA', AmtYr1: '', AmtYr2: '', AmtYr3: '', AmtYr4: '', AmtYr5: '', NoteYr1: '', NoteYr2: '', NoteYr3: '', NoteYr4: '', NoteYr5: '', },"
TINV,Total Inventory,Total Inventory,CAT,SumItems,0,0,0,0,0,,,,,,"{CatCode: 'TINV', ","Category: 'Total Inventory', ","Item: 'Total Inventory', ","ItemType: 'CAT', ","Formula: 'SumItems', ","AmtYr1: '0', ","AmtYr2: '0', ","AmtYr3: '0', ","AmtYr4: '0', ","AmtYr5: '0', ","NoteYr1: '', ","NoteYr2: '', ","NoteYr3: '', ","NoteYr4: '', ","NoteYr5: '', },","{CatCode: 'TINV', Category: 'Total Inventory', Item: 'Total Inventory', ItemType: 'CAT', Formula: 'SumItems', AmtYr1: '0', AmtYr2: '0', AmtYr3: '0', AmtYr4: '0', AmtYr5: '0', NoteYr1: '', NoteYr2: '', NoteYr3: '', NoteYr4: '', NoteYr5: '', },"
TINV,Total Inventory,Inventory - Raw Materials,ITEM,NA,,,,,,,,,,,"{CatCode: 'TINV', ","Category: 'Total Inventory', ","Item: 'Inventory - Raw Materials', ","ItemType: 'ITEM', ","Formula: 'NA', ","AmtYr1: '', ","AmtYr2: '', ","AmtYr3: '', ","AmtYr4: '', ","AmtYr5: '', ","NoteYr1: '', ","NoteYr2: '', ","NoteYr3: '', ","NoteYr4: '', ","NoteYr5: '', },","{CatCode: 'TINV', Category: 'Total Inventory', Item: 'Inventory - Raw Materials', ItemType: 'ITEM', Formula: 'NA', AmtYr1: '', AmtYr2: '', AmtYr3: '', AmtYr4: '', AmtYr5: '', NoteYr1: '', NoteYr2: '', NoteYr3: '', NoteYr4: '', NoteYr5: '', },"
TINV,Total Inventory,Inventory - Work in Progress,ITEM,NA,,,,,,,,,,,"{CatCode: 'TINV', ","Category: 'Total Inventory', ","Item: 'Inventory - Work in Progress', ","ItemType: 'ITEM', ","Formula: 'NA', ","AmtYr1: '', ","AmtYr2: '', ","AmtYr3: '', ","AmtYr4: '', ","AmtYr5: '', ","NoteYr1: '', ","NoteYr2: '', ","NoteYr3: '', ","NoteYr4: '', ","NoteYr5: '', },","{CatCode: 'TINV', Category: 'Total Inventory', Item: 'Inventory - Work in Progress', ItemType: 'ITEM', Formula: 'NA', AmtYr1: '', AmtYr2: '', AmtYr3: '', AmtYr4: '', AmtYr5: '', NoteYr1: '', NoteYr2: '', NoteYr3: '', NoteYr4: '', NoteYr5: '', },"
TINV,Total Inventory,Inventory - Finished Goods,ITEM,NA,,,,,,,,,,,"{CatCode: 'TINV', ","Category: 'Total Inventory', ","Item: 'Inventory - Finished Goods', ","ItemType: 'ITEM', ","Formula: 'NA', ","AmtYr1: '', ","AmtYr2: '', ","AmtYr3: '', ","AmtYr4: '', ","AmtYr5: '', ","NoteYr1: '', ","NoteYr2: '', ","NoteYr3: '', ","NoteYr4: '', ","NoteYr5: '', },","{CatCode: 'TINV', Category: 'Total Inventory', Item: 'Inventory - Finished Goods', ItemType: 'ITEM', Formula: 'NA', AmtYr1: '', AmtYr2: '', AmtYr3: '', AmtYr4: '', AmtYr5: '', NoteYr1: '', NoteYr2: '', NoteYr3: '', NoteYr4: '', NoteYr5: '', },"
PE,Prepaid Expenses,Prepaid Expenses,CAT,SumItems,13,12,1298,482,1209,,,,,,"{CatCode: 'PE', ","Category: 'Prepaid Expenses', ","Item: 'Prepaid Expenses', ","ItemType: 'CAT', ","Formula: 'SumItems', ","AmtYr1: '13', ","AmtYr2: '12', ","AmtYr3: '1298', ","AmtYr4: '482', ","AmtYr5: '1209', ","NoteYr1: '', ","NoteYr2: '', ","NoteYr3: '', ","NoteYr4: '', ","NoteYr5: '', },","{CatCode: 'PE', Category: 'Prepaid Expenses', Item: 'Prepaid Expenses', ItemType: 'CAT', Formula: 'SumItems', AmtYr1: '13', AmtYr2: '12', AmtYr3: '1298', AmtYr4: '482', AmtYr5: '1209', NoteYr1: '', NoteYr2: '', NoteYr3: '', NoteYr4: '', NoteYr5: '', },"
PE,Prepaid Expenses,Prepaid Expenses & Deposits,ITEM,NA,13,12,1298,482,1209,,,,,,"{CatCode: 'PE', ","Category: 'Prepaid Expenses', ","Item: 'Prepaid Expenses & Deposits', ","ItemType: 'ITEM', ","Formula: 'NA', ","AmtYr1: '13', ","AmtYr2: '12', ","AmtYr3: '1298', ","AmtYr4: '482', ","AmtYr5: '1209', ","NoteYr1: '', ","NoteYr2: '', ","NoteYr3: '', ","NoteYr4: '', ","NoteYr5: '', },","{CatCode: 'PE', Category: 'Prepaid Expenses', Item: 'Prepaid Expenses & Deposits', ItemType: 'ITEM', Formula: 'NA', AmtYr1: '13', AmtYr2: '12', AmtYr3: '1298', AmtYr4: '482', AmtYr5: '1209', NoteYr1: '', NoteYr2: '', NoteYr3: '', NoteYr4: '', NoteYr5: '', },"
OCA,Other Current Assets,Other Current Assets,CAT,SumItems,105,184,550,335,427,,,,,,"{CatCode: 'OCA', ","Category: 'Other Current Assets', ","Item: 'Other Current Assets', ","ItemType: 'CAT', ","Formula: 'SumItems', ","AmtYr1: '105', ","AmtYr2: '184', ","AmtYr3: '550', ","AmtYr4: '335', ","AmtYr5: '427', ","NoteYr1: '', ","NoteYr2: '', ","NoteYr3: '', ","NoteYr4: '', ","NoteYr5: '', },","{CatCode: 'OCA', Category: 'Other Current Assets', Item: 'Other Current Assets', ItemType: 'CAT', Formula: 'SumItems', AmtYr1: '105', AmtYr2: '184', AmtYr3: '550', AmtYr4: '335', AmtYr5: '427', NoteYr1: '', NoteYr2: '', NoteYr3: '', NoteYr4: '', NoteYr5: '', },"
OCA,Other Current Assets,Other Current Assets,ITEM,NA,105,184,550,335,427,,,,,,"{CatCode: 'OCA', ","Category: 'Other Current Assets', ","Item: 'Other Current Assets', ","ItemType: 'ITEM', ","Formula: 'NA', ","AmtYr1: '105', ","AmtYr2: '184', ","AmtYr3: '550', ","AmtYr4: '335', ","AmtYr5: '427', ","NoteYr1: '', ","NoteYr2: '', ","NoteYr3: '', ","NoteYr4: '', ","NoteYr5: '', },","{CatCode: 'OCA', Category: 'Other Current Assets', Item: 'Other Current Assets', ItemType: 'ITEM', Formula: 'NA', AmtYr1: '105', AmtYr2: '184', AmtYr3: '550', AmtYr4: '335', AmtYr5: '427', NoteYr1: '', NoteYr2: '', NoteYr3: '', NoteYr4: '', NoteYr5: '', },"
CA,CURRENT ASSETS,CURRENT ASSETS,CAT,CAGS + MS + NAR + NARRP + TINV + PE + OCA,7558,2794,60303,99516,115854,,,,,,"{CatCode: 'CA', ","Category: 'CURRENT ASSETS', ","Item: 'CURRENT ASSETS', ","ItemType: 'CAT', ","Formula: 'CAGS + MS + NAR + NARRP + TINV + PE + OCA', ","AmtYr1: '7558', ","AmtYr2: '2794', ","AmtYr3: '60303', ","AmtYr4: '99516', ","AmtYr5: '115854', ","NoteYr1: '', ","NoteYr2: '', ","NoteYr3: '', ","NoteYr4: '', ","NoteYr5: '', },","{CatCode: 'CA', Category: 'CURRENT ASSETS', Item: 'CURRENT ASSETS', ItemType: 'CAT', Formula: 'CAGS + MS + NAR + NARRP + TINV + PE + OCA', AmtYr1: '7558', AmtYr2: '2794', AmtYr3: '60303', AmtYr4: '99516', AmtYr5: '115854', NoteYr1: '', NoteYr2: '', NoteYr3: '', NoteYr4: '', NoteYr5: '', },"
FA,Fixed Assets,Fixed Assets,CAT,SumItems,3467,3466,3628,3815,3786,,,,,,"{CatCode: 'FA', ","Category: 'Fixed Assets', ","Item: 'Fixed Assets', ","ItemType: 'CAT', ","Formula: 'SumItems', ","AmtYr1: '3467', ","AmtYr2: '3466', ","AmtYr3: '3628', ","AmtYr4: '3815', ","AmtYr5: '3786', ","NoteYr1: '', ","NoteYr2: '', ","NoteYr3: '', ","NoteYr4: '', ","NoteYr5: '', },","{CatCode: 'FA', Category: 'Fixed Assets', Item: 'Fixed Assets', ItemType: 'CAT', Formula: 'SumItems', AmtYr1: '3467', AmtYr2: '3466', AmtYr3: '3628', AmtYr4: '3815', AmtYr5: '3786', NoteYr1: '', NoteYr2: '', NoteYr3: '', NoteYr4: '', NoteYr5: '', },"
FA,Fixed Assets,Land & Buildings,ITEM,NA,,,,,,,,,,,"{CatCode: 'FA', ","Category: 'Fixed Assets', ","Item: 'Land & Buildings', ","ItemType: 'ITEM', ","Formula: 'NA', ","AmtYr1: '', ","AmtYr2: '', ","AmtYr3: '', ","AmtYr4: '', ","AmtYr5: '', ","NoteYr1: '', ","NoteYr2: '', ","NoteYr3: '', ","NoteYr4: '', ","NoteYr5: '', },","{CatCode: 'FA', Category: 'Fixed Assets', Item: 'Land & Buildings', ItemType: 'ITEM', Formula: 'NA', AmtYr1: '', AmtYr2: '', AmtYr3: '', AmtYr4: '', AmtYr5: '', NoteYr1: '', NoteYr2: '', NoteYr3: '', NoteYr4: '', NoteYr5: '', },"
FA,Fixed Assets,Plan & Machinery,ITEM,NA,3467,3310,3628,3604,3604,,,,,,"{CatCode: 'FA', ","Category: 'Fixed Assets', ","Item: 'Plan & Machinery', ","ItemType: 'ITEM', ","Formula: 'NA', ","AmtYr1: '3467', ","AmtYr2: '3310', ","AmtYr3: '3628', ","AmtYr4: '3604', ","AmtYr5: '3604', ","NoteYr1: '', ","NoteYr2: '', ","NoteYr3: '', ","NoteYr4: '', ","NoteYr5: '', },","{CatCode: 'FA', Category: 'Fixed Assets', Item: 'Plan & Machinery', ItemType: 'ITEM', Formula: 'NA', AmtYr1: '3467', AmtYr2: '3310', AmtYr3: '3628', AmtYr4: '3604', AmtYr5: '3604', NoteYr1: '', NoteYr2: '', NoteYr3: '', NoteYr4: '', NoteYr5: '', },"
FA,Fixed Assets,Motor Vehicles,ITEM,NA,,150,,,,,,,,,"{CatCode: 'FA', ","Category: 'Fixed Assets', ","Item: 'Motor Vehicles', ","ItemType: 'ITEM', ","Formula: 'NA', ","AmtYr1: '', ","AmtYr2: '150', ","AmtYr3: '', ","AmtYr4: '', ","AmtYr5: '', ","NoteYr1: '', ","NoteYr2: '', ","NoteYr3: '', ","NoteYr4: '', ","NoteYr5: '', },","{CatCode: 'FA', Category: 'Fixed Assets', Item: 'Motor Vehicles', ItemType: 'ITEM', Formula: 'NA', AmtYr1: '', AmtYr2: '150', AmtYr3: '', AmtYr4: '', AmtYr5: '', NoteYr1: '', NoteYr2: '', NoteYr3: '', NoteYr4: '', NoteYr5: '', },"
FA,Fixed Assets,Fixed Assets,ITEM,NA,,6,,211,182,,,,,,"{CatCode: 'FA', ","Category: 'Fixed Assets', ","Item: 'Fixed Assets', ","ItemType: 'ITEM', ","Formula: 'NA', ","AmtYr1: '', ","AmtYr2: '6', ","AmtYr3: '', ","AmtYr4: '211', ","AmtYr5: '182', ","NoteYr1: '', ","NoteYr2: '', ","NoteYr3: '', ","NoteYr4: '', ","NoteYr5: '', },","{CatCode: 'FA', Category: 'Fixed Assets', Item: 'Fixed Assets', ItemType: 'ITEM', Formula: 'NA', AmtYr1: '', AmtYr2: '6', AmtYr3: '', AmtYr4: '211', AmtYr5: '182', NoteYr1: '', NoteYr2: '', NoteYr3: '', NoteYr4: '', NoteYr5: '', },"
CI,Capitalised Interest,Capitalised Interest,CAT,SumItems,0,0,0,0,0,,,,,,"{CatCode: 'CI', ","Category: 'Capitalised Interest', ","Item: 'Capitalised Interest', ","ItemType: 'CAT', ","Formula: 'SumItems', ","AmtYr1: '0', ","AmtYr2: '0', ","AmtYr3: '0', ","AmtYr4: '0', ","AmtYr5: '0', ","NoteYr1: '', ","NoteYr2: '', ","NoteYr3: '', ","NoteYr4: '', ","NoteYr5: '', },","{CatCode: 'CI', Category: 'Capitalised Interest', Item: 'Capitalised Interest', ItemType: 'CAT', Formula: 'SumItems', AmtYr1: '0', AmtYr2: '0', AmtYr3: '0', AmtYr4: '0', AmtYr5: '0', NoteYr1: '', NoteYr2: '', NoteYr3: '', NoteYr4: '', NoteYr5: '', },"
CI,Capitalised Interest,Capitalised Interest,ITEM,NA,0,0,0,0,0,,,,,,"{CatCode: 'CI', ","Category: 'Capitalised Interest', ","Item: 'Capitalised Interest', ","ItemType: 'ITEM', ","Formula: 'NA', ","AmtYr1: '0', ","AmtYr2: '0', ","AmtYr3: '0', ","AmtYr4: '0', ","AmtYr5: '0', ","NoteYr1: '', ","NoteYr2: '', ","NoteYr3: '', ","NoteYr4: '', ","NoteYr5: '', },","{CatCode: 'CI', Category: 'Capitalised Interest', Item: 'Capitalised Interest', ItemType: 'ITEM', Formula: 'NA', AmtYr1: '0', AmtYr2: '0', AmtYr3: '0', AmtYr4: '0', AmtYr5: '0', NoteYr1: '', NoteYr2: '', NoteYr3: '', NoteYr4: '', NoteYr5: '', },"
ADEP,Accumulated Depreciation,Accumulated Depreciation,CAT,NA,-3020,-3464,-3374,-3578,-3622,,,,,,"{CatCode: 'ADEP', ","Category: 'Accumulated Depreciation', ","Item: 'Accumulated Depreciation', ","ItemType: 'CAT', ","Formula: 'NA', ","AmtYr1: '-3020', ","AmtYr2: '-3464', ","AmtYr3: '-3374', ","AmtYr4: '-3578', ","AmtYr5: '-3622', ","NoteYr1: '', ","NoteYr2: '', ","NoteYr3: '', ","NoteYr4: '', ","NoteYr5: '', },","{CatCode: 'ADEP', Category: 'Accumulated Depreciation', Item: 'Accumulated Depreciation', ItemType: 'CAT', Formula: 'NA', AmtYr1: '-3020', AmtYr2: '-3464', AmtYr3: '-3374', AmtYr4: '-3578', AmtYr5: '-3622', NoteYr1: '', NoteYr2: '', NoteYr3: '', NoteYr4: '', NoteYr5: '', },"
ADEP,Accumulated Depreciation,Less : Accumulated Depreciation,ITEM,NA,-3020,-3464,-3374,-3578,-3622,,,,,,"{CatCode: 'ADEP', ","Category: 'Accumulated Depreciation', ","Item: 'Less : Accumulated Depreciation', ","ItemType: 'ITEM', ","Formula: 'NA', ","AmtYr1: '-3020', ","AmtYr2: '-3464', ","AmtYr3: '-3374', ","AmtYr4: '-3578', ","AmtYr5: '-3622', ","NoteYr1: '', ","NoteYr2: '', ","NoteYr3: '', ","NoteYr4: '', ","NoteYr5: '', },","{CatCode: 'ADEP', Category: 'Accumulated Depreciation', Item: 'Less : Accumulated Depreciation', ItemType: 'ITEM', Formula: 'NA', AmtYr1: '-3020', AmtYr2: '-3464', AmtYr3: '-3374', AmtYr4: '-3578', AmtYr5: '-3622', NoteYr1: '', NoteYr2: '', NoteYr3: '', NoteYr4: '', NoteYr5: '', },"
NFA,NET FIXED ASSETS,NET FIXED ASSETS,CAT,FA + CI + ADEP,447,2,254,237,164,,,,,,"{CatCode: 'NFA', ","Category: 'NET FIXED ASSETS', ","Item: 'NET FIXED ASSETS', ","ItemType: 'CAT', ","Formula: 'FA + CI + ADEP', ","AmtYr1: '447', ","AmtYr2: '2', ","AmtYr3: '254', ","AmtYr4: '237', ","AmtYr5: '164', ","NoteYr1: '', ","NoteYr2: '', ","NoteYr3: '', ","NoteYr4: '', ","NoteYr5: '', },","{CatCode: 'NFA', Category: 'NET FIXED ASSETS', Item: 'NET FIXED ASSETS', ItemType: 'CAT', Formula: 'FA + CI + ADEP', AmtYr1: '447', AmtYr2: '2', AmtYr3: '254', AmtYr4: '237', AmtYr5: '164', NoteYr1: '', NoteYr2: '', NoteYr3: '', NoteYr4: '', NoteYr5: '', },"
INS,Investments,Investments,CAT,SumItems,0,0,0,0,0,,,,,,"{CatCode: 'INS', ","Category: 'Investments', ","Item: 'Investments', ","ItemType: 'CAT', ","Formula: 'SumItems', ","AmtYr1: '0', ","AmtYr2: '0', ","AmtYr3: '0', ","AmtYr4: '0', ","AmtYr5: '0', ","NoteYr1: '', ","NoteYr2: '', ","NoteYr3: '', ","NoteYr4: '', ","NoteYr5: '', },","{CatCode: 'INS', Category: 'Investments', Item: 'Investments', ItemType: 'CAT', Formula: 'SumItems', AmtYr1: '0', AmtYr2: '0', AmtYr3: '0', AmtYr4: '0', AmtYr5: '0', NoteYr1: '', NoteYr2: '', NoteYr3: '', NoteYr4: '', NoteYr5: '', },"
INS,Investments,Investments in Subsidiaries/Associates,ITEM,NA,,,,,,,,,,,"{CatCode: 'INS', ","Category: 'Investments', ","Item: 'Investments in Subsidiaries/Associates', ","ItemType: 'ITEM', ","Formula: 'NA', ","AmtYr1: '', ","AmtYr2: '', ","AmtYr3: '', ","AmtYr4: '', ","AmtYr5: '', ","NoteYr1: '', ","NoteYr2: '', ","NoteYr3: '', ","NoteYr4: '', ","NoteYr5: '', },","{CatCode: 'INS', Category: 'Investments', Item: 'Investments in Subsidiaries/Associates', ItemType: 'ITEM', Formula: 'NA', AmtYr1: '', AmtYr2: '', AmtYr3: '', AmtYr4: '', AmtYr5: '', NoteYr1: '', NoteYr2: '', NoteYr3: '', NoteYr4: '', NoteYr5: '', },"
INS,Investments,Investments,ITEM,NA,,,,,,,,,,,"{CatCode: 'INS', ","Category: 'Investments', ","Item: 'Investments', ","ItemType: 'ITEM', ","Formula: 'NA', ","AmtYr1: '', ","AmtYr2: '', ","AmtYr3: '', ","AmtYr4: '', ","AmtYr5: '', ","NoteYr1: '', ","NoteYr2: '', ","NoteYr3: '', ","NoteYr4: '', ","NoteYr5: '', },","{CatCode: 'INS', Category: 'Investments', Item: 'Investments', ItemType: 'ITEM', Formula: 'NA', AmtYr1: '', AmtYr2: '', AmtYr3: '', AmtYr4: '', AmtYr5: '', NoteYr1: '', NoteYr2: '', NoteYr3: '', NoteYr4: '', NoteYr5: '', },"
RPA,Related Parties Assets,Related Parties Assets,CAT,SumItems,0,0,0,0,0,,,,,,"{CatCode: 'RPA', ","Category: 'Related Parties Assets', ","Item: 'Related Parties Assets', ","ItemType: 'CAT', ","Formula: 'SumItems', ","AmtYr1: '0', ","AmtYr2: '0', ","AmtYr3: '0', ","AmtYr4: '0', ","AmtYr5: '0', ","NoteYr1: '', ","NoteYr2: '', ","NoteYr3: '', ","NoteYr4: '', ","NoteYr5: '', },","{CatCode: 'RPA', Category: 'Related Parties Assets', Item: 'Related Parties Assets', ItemType: 'CAT', Formula: 'SumItems', AmtYr1: '0', AmtYr2: '0', AmtYr3: '0', AmtYr4: '0', AmtYr5: '0', NoteYr1: '', NoteYr2: '', NoteYr3: '', NoteYr4: '', NoteYr5: '', },"
RPA,Related Parties Assets,Due from Parent/Subsidiaries,ITEM,NA,,,,,,,,,,,"{CatCode: 'RPA', ","Category: 'Related Parties Assets', ","Item: 'Due from Parent/Subsidiaries', ","ItemType: 'ITEM', ","Formula: 'NA', ","AmtYr1: '', ","AmtYr2: '', ","AmtYr3: '', ","AmtYr4: '', ","AmtYr5: '', ","NoteYr1: '', ","NoteYr2: '', ","NoteYr3: '', ","NoteYr4: '', ","NoteYr5: '', },","{CatCode: 'RPA', Category: 'Related Parties Assets', Item: 'Due from Parent/Subsidiaries', ItemType: 'ITEM', Formula: 'NA', AmtYr1: '', AmtYr2: '', AmtYr3: '', AmtYr4: '', AmtYr5: '', NoteYr1: '', NoteYr2: '', NoteYr3: '', NoteYr4: '', NoteYr5: '', },"
RPA,Related Parties Assets,Due from Associates/Other Related Parties,ITEM,NA,,,,,,,,,,,"{CatCode: 'RPA', ","Category: 'Related Parties Assets', ","Item: 'Due from Associates/Other Related Parties', ","ItemType: 'ITEM', ","Formula: 'NA', ","AmtYr1: '', ","AmtYr2: '', ","AmtYr3: '', ","AmtYr4: '', ","AmtYr5: '', ","NoteYr1: '', ","NoteYr2: '', ","NoteYr3: '', ","NoteYr4: '', ","NoteYr5: '', },","{CatCode: 'RPA', Category: 'Related Parties Assets', Item: 'Due from Associates/Other Related Parties', ItemType: 'ITEM', Formula: 'NA', AmtYr1: '', AmtYr2: '', AmtYr3: '', AmtYr4: '', AmtYr5: '', NoteYr1: '', NoteYr2: '', NoteYr3: '', NoteYr4: '', NoteYr5: '', },"
RPA,Related Parties Assets,Related Parties Assets,ITEM,NA,,,,,,,,,,,"{CatCode: 'RPA', ","Category: 'Related Parties Assets', ","Item: 'Related Parties Assets', ","ItemType: 'ITEM', ","Formula: 'NA', ","AmtYr1: '', ","AmtYr2: '', ","AmtYr3: '', ","AmtYr4: '', ","AmtYr5: '', ","NoteYr1: '', ","NoteYr2: '', ","NoteYr3: '', ","NoteYr4: '', ","NoteYr5: '', },","{CatCode: 'RPA', Category: 'Related Parties Assets', Item: 'Related Parties Assets', ItemType: 'ITEM', Formula: 'NA', AmtYr1: '', AmtYr2: '', AmtYr3: '', AmtYr4: '', AmtYr5: '', NoteYr1: '', NoteYr2: '', NoteYr3: '', NoteYr4: '', NoteYr5: '', },"
ONCA,Other Non Current Assets,Other Non Current Assets,CAT,SumItems,0,0,0,0,0,,,,,,"{CatCode: 'ONCA', ","Category: 'Other Non Current Assets', ","Item: 'Other Non Current Assets', ","ItemType: 'CAT', ","Formula: 'SumItems', ","AmtYr1: '0', ","AmtYr2: '0', ","AmtYr3: '0', ","AmtYr4: '0', ","AmtYr5: '0', ","NoteYr1: '', ","NoteYr2: '', ","NoteYr3: '', ","NoteYr4: '', ","NoteYr5: '', },","{CatCode: 'ONCA', Category: 'Other Non Current Assets', Item: 'Other Non Current Assets', ItemType: 'CAT', Formula: 'SumItems', AmtYr1: '0', AmtYr2: '0', AmtYr3: '0', AmtYr4: '0', AmtYr5: '0', NoteYr1: '', NoteYr2: '', NoteYr3: '', NoteYr4: '', NoteYr5: '', },"
ONCA,Other Non Current Assets,Other Non Current Assets,ITEM,NA,,,,,,,,,,,"{CatCode: 'ONCA', ","Category: 'Other Non Current Assets', ","Item: 'Other Non Current Assets', ","ItemType: 'ITEM', ","Formula: 'NA', ","AmtYr1: '', ","AmtYr2: '', ","AmtYr3: '', ","AmtYr4: '', ","AmtYr5: '', ","NoteYr1: '', ","NoteYr2: '', ","NoteYr3: '', ","NoteYr4: '', ","NoteYr5: '', },","{CatCode: 'ONCA', Category: 'Other Non Current Assets', Item: 'Other Non Current Assets', ItemType: 'ITEM', Formula: 'NA', AmtYr1: '', AmtYr2: '', AmtYr3: '', AmtYr4: '', AmtYr5: '', NoteYr1: '', NoteYr2: '', NoteYr3: '', NoteYr4: '', NoteYr5: '', },"
ONCA,Other Non Current Assets,Provision for tax,ITEM,NA,,,,,,,,,,,"{CatCode: 'ONCA', ","Category: 'Other Non Current Assets', ","Item: 'Provision for tax', ","ItemType: 'ITEM', ","Formula: 'NA', ","AmtYr1: '', ","AmtYr2: '', ","AmtYr3: '', ","AmtYr4: '', ","AmtYr5: '', ","NoteYr1: '', ","NoteYr2: '', ","NoteYr3: '', ","NoteYr4: '', ","NoteYr5: '', },","{CatCode: 'ONCA', Category: 'Other Non Current Assets', Item: 'Provision for tax', ItemType: 'ITEM', Formula: 'NA', AmtYr1: '', AmtYr2: '', AmtYr3: '', AmtYr4: '', AmtYr5: '', NoteYr1: '', NoteYr2: '', NoteYr3: '', NoteYr4: '', NoteYr5: '', },"
INT,Intangibles,Intangibles,CAT,SumItems,0,0,0,0,0,,,,,,"{CatCode: 'INT', ","Category: 'Intangibles', ","Item: 'Intangibles', ","ItemType: 'CAT', ","Formula: 'SumItems', ","AmtYr1: '0', ","AmtYr2: '0', ","AmtYr3: '0', ","AmtYr4: '0', ","AmtYr5: '0', ","NoteYr1: '', ","NoteYr2: '', ","NoteYr3: '', ","NoteYr4: '', ","NoteYr5: '', },","{CatCode: 'INT', Category: 'Intangibles', Item: 'Intangibles', ItemType: 'CAT', Formula: 'SumItems', AmtYr1: '0', AmtYr2: '0', AmtYr3: '0', AmtYr4: '0', AmtYr5: '0', NoteYr1: '', NoteYr2: '', NoteYr3: '', NoteYr4: '', NoteYr5: '', },"
INT,Intangibles,Intangibles,ITEM,NA,,,,,,,,,,,"{CatCode: 'INT', ","Category: 'Intangibles', ","Item: 'Intangibles', ","ItemType: 'ITEM', ","Formula: 'NA', ","AmtYr1: '', ","AmtYr2: '', ","AmtYr3: '', ","AmtYr4: '', ","AmtYr5: '', ","NoteYr1: '', ","NoteYr2: '', ","NoteYr3: '', ","NoteYr4: '', ","NoteYr5: '', },","{CatCode: 'INT', Category: 'Intangibles', Item: 'Intangibles', ItemType: 'ITEM', Formula: 'NA', AmtYr1: '', AmtYr2: '', AmtYr3: '', AmtYr4: '', AmtYr5: '', NoteYr1: '', NoteYr2: '', NoteYr3: '', NoteYr4: '', NoteYr5: '', },"
OA,OTHER ASSETS,OTHER ASSETS,CAT,INS + RPA + ONCA + INT,0,0,0,0,0,,,,,,"{CatCode: 'OA', ","Category: 'OTHER ASSETS', ","Item: 'OTHER ASSETS', ","ItemType: 'CAT', ","Formula: 'INS + RPA + ONCA + INT', ","AmtYr1: '0', ","AmtYr2: '0', ","AmtYr3: '0', ","AmtYr4: '0', ","AmtYr5: '0', ","NoteYr1: '', ","NoteYr2: '', ","NoteYr3: '', ","NoteYr4: '', ","NoteYr5: '', },","{CatCode: 'OA', Category: 'OTHER ASSETS', Item: 'OTHER ASSETS', ItemType: 'CAT', Formula: 'INS + RPA + ONCA + INT', AmtYr1: '0', AmtYr2: '0', AmtYr3: '0', AmtYr4: '0', AmtYr5: '0', NoteYr1: '', NoteYr2: '', NoteYr3: '', NoteYr4: '', NoteYr5: '', },"
NCA,NON-CURRENT ASSETS,NON-CURRENT ASSETS,CAT,NFA+OA,447,2,254,237,164,,,,,,"{CatCode: 'NCA', ","Category: 'NON-CURRENT ASSETS', ","Item: 'NON-CURRENT ASSETS', ","ItemType: 'CAT', ","Formula: 'NFA+OA', ","AmtYr1: '447', ","AmtYr2: '2', ","AmtYr3: '254', ","AmtYr4: '237', ","AmtYr5: '164', ","NoteYr1: '', ","NoteYr2: '', ","NoteYr3: '', ","NoteYr4: '', ","NoteYr5: '', },","{CatCode: 'NCA', Category: 'NON-CURRENT ASSETS', Item: 'NON-CURRENT ASSETS', ItemType: 'CAT', Formula: 'NFA+OA', AmtYr1: '447', AmtYr2: '2', AmtYr3: '254', AmtYr4: '237', AmtYr5: '164', NoteYr1: '', NoteYr2: '', NoteYr3: '', NoteYr4: '', NoteYr5: '', },"
TA,TOTAL ASSETS,TOTAL ASSETS,CAT,CA + NCA,8005,2796,60557,99753,116018,,,,,,"{CatCode: 'TA', ","Category: 'TOTAL ASSETS', ","Item: 'TOTAL ASSETS', ","ItemType: 'CAT', ","Formula: 'CA + NCA', ","AmtYr1: '8005', ","AmtYr2: '2796', ","AmtYr3: '60557', ","AmtYr4: '99753', ","AmtYr5: '116018', ","NoteYr1: '', ","NoteYr2: '', ","NoteYr3: '', ","NoteYr4: '', ","NoteYr5: '', },","{CatCode: 'TA', Category: 'TOTAL ASSETS', Item: 'TOTAL ASSETS', ItemType: 'CAT', Formula: 'CA + NCA', AmtYr1: '8005', AmtYr2: '2796', AmtYr3: '60557', AmtYr4: '99753', AmtYr5: '116018', NoteYr1: '', NoteYr2: '', NoteYr3: '', NoteYr4: '', NoteYr5: '', },"
NA,NA,NA,NA,NA,,,,,,,,,,,"{CatCode: 'NA', ","Category: 'NA', ","Item: 'NA', ","ItemType: 'NA', ","Formula: 'NA', ","AmtYr1: '', ","AmtYr2: '', ","AmtYr3: '', ","AmtYr4: '', ","AmtYr5: '', ","NoteYr1: '', ","NoteYr2: '', ","NoteYr3: '', ","NoteYr4: '', ","NoteYr5: '', },","{CatCode: 'NA', Category: 'NA', Item: 'NA', ItemType: 'NA', Formula: 'NA', AmtYr1: '', AmtYr2: '', AmtYr3: '', AmtYr4: '', AmtYr5: '', NoteYr1: '', NoteYr2: '', NoteYr3: '', NoteYr4: '', NoteYr5: '', },"
AP,Account Payable,Account Payable,CAT,SumItems,6792,2164,46757,88610,108539,,,,,,"{CatCode: 'AP', ","Category: 'Account Payable', ","Item: 'Account Payable', ","ItemType: 'CAT', ","Formula: 'SumItems', ","AmtYr1: '6792', ","AmtYr2: '2164', ","AmtYr3: '46757', ","AmtYr4: '88610', ","AmtYr5: '108539', ","NoteYr1: '', ","NoteYr2: '', ","NoteYr3: '', ","NoteYr4: '', ","NoteYr5: '', },","{CatCode: 'AP', Category: 'Account Payable', Item: 'Account Payable', ItemType: 'CAT', Formula: 'SumItems', AmtYr1: '6792', AmtYr2: '2164', AmtYr3: '46757', AmtYr4: '88610', AmtYr5: '108539', NoteYr1: '', NoteYr2: '', NoteYr3: '', NoteYr4: '', NoteYr5: '', },"
AP,Account Payable,Trade Payables,ITEM,NA,6792,2164,46757,88610,108539,,,,,,"{CatCode: 'AP', ","Category: 'Account Payable', ","Item: 'Trade Payables', ","ItemType: 'ITEM', ","Formula: 'NA', ","AmtYr1: '6792', ","AmtYr2: '2164', ","AmtYr3: '46757', ","AmtYr4: '88610', ","AmtYr5: '108539', ","NoteYr1: '', ","NoteYr2: '', ","NoteYr3: '', ","NoteYr4: '', ","NoteYr5: '', },","{CatCode: 'AP', Category: 'Account Payable', Item: 'Trade Payables', ItemType: 'ITEM', Formula: 'NA', AmtYr1: '6792', AmtYr2: '2164', AmtYr3: '46757', AmtYr4: '88610', AmtYr5: '108539', NoteYr1: '', NoteYr2: '', NoteYr3: '', NoteYr4: '', NoteYr5: '', },"
AP,Account Payable,Other Payable,ITEM,NA,,,,,,,,,,,"{CatCode: 'AP', ","Category: 'Account Payable', ","Item: 'Other Payable', ","ItemType: 'ITEM', ","Formula: 'NA', ","AmtYr1: '', ","AmtYr2: '', ","AmtYr3: '', ","AmtYr4: '', ","AmtYr5: '', ","NoteYr1: '', ","NoteYr2: '', ","NoteYr3: '', ","NoteYr4: '', ","NoteYr5: '', },","{CatCode: 'AP', Category: 'Account Payable', Item: 'Other Payable', ItemType: 'ITEM', Formula: 'NA', AmtYr1: '', AmtYr2: '', AmtYr3: '', AmtYr4: '', AmtYr5: '', NoteYr1: '', NoteYr2: '', NoteYr3: '', NoteYr4: '', NoteYr5: '', },"
APRP,Account Payable (Related Parties),Account Payable (Related Parties),CAT,SumItems,0,0,0,0,0,,,,,,"{CatCode: 'APRP', ","Category: 'Account Payable (Related Parties)', ","Item: 'Account Payable (Related Parties)', ","ItemType: 'CAT', ","Formula: 'SumItems', ","AmtYr1: '0', ","AmtYr2: '0', ","AmtYr3: '0', ","AmtYr4: '0', ","AmtYr5: '0', ","NoteYr1: '', ","NoteYr2: '', ","NoteYr3: '', ","NoteYr4: '', ","NoteYr5: '', },","{CatCode: 'APRP', Category: 'Account Payable (Related Parties)', Item: 'Account Payable (Related Parties)', ItemType: 'CAT', Formula: 'SumItems', AmtYr1: '0', AmtYr2: '0', AmtYr3: '0', AmtYr4: '0', AmtYr5: '0', NoteYr1: '', NoteYr2: '', NoteYr3: '', NoteYr4: '', NoteYr5: '', },"
APRP,Account Payable (Related Parties),Account Payable (Related Parties),ITEM,NA,,,,,,,,,,,"{CatCode: 'APRP', ","Category: 'Account Payable (Related Parties)', ","Item: 'Account Payable (Related Parties)', ","ItemType: 'ITEM', ","Formula: 'NA', ","AmtYr1: '', ","AmtYr2: '', ","AmtYr3: '', ","AmtYr4: '', ","AmtYr5: '', ","NoteYr1: '', ","NoteYr2: '', ","NoteYr3: '', ","NoteYr4: '', ","NoteYr5: '', },","{CatCode: 'APRP', Category: 'Account Payable (Related Parties)', Item: 'Account Payable (Related Parties)', ItemType: 'ITEM', Formula: 'NA', AmtYr1: '', AmtYr2: '', AmtYr3: '', AmtYr4: '', AmtYr5: '', NoteYr1: '', NoteYr2: '', NoteYr3: '', NoteYr4: '', NoteYr5: '', },"
BP,Bills Payable,Bills Payable,CAT,SumItems,0,0,10042,5583,2097,,,,,,"{CatCode: 'BP', ","Category: 'Bills Payable', ","Item: 'Bills Payable', ","ItemType: 'CAT', ","Formula: 'SumItems', ","AmtYr1: '0', ","AmtYr2: '0', ","AmtYr3: '10042', ","AmtYr4: '5583', ","AmtYr5: '2097', ","NoteYr1: '', ","NoteYr2: '', ","NoteYr3: '', ","NoteYr4: '', ","NoteYr5: '', },","{CatCode: 'BP', Category: 'Bills Payable', Item: 'Bills Payable', ItemType: 'CAT', Formula: 'SumItems', AmtYr1: '0', AmtYr2: '0', AmtYr3: '10042', AmtYr4: '5583', AmtYr5: '2097', NoteYr1: '', NoteYr2: '', NoteYr3: '', NoteYr4: '', NoteYr5: '', },"
BP,Bills Payable,Bills Payable (Secured),ITEM,NA,,,10042,5583,2097,,,,,,"{CatCode: 'BP', ","Category: 'Bills Payable', ","Item: 'Bills Payable (Secured)', ","ItemType: 'ITEM', ","Formula: 'NA', ","AmtYr1: '', ","AmtYr2: '', ","AmtYr3: '10042', ","AmtYr4: '5583', ","AmtYr5: '2097', ","NoteYr1: '', ","NoteYr2: '', ","NoteYr3: '', ","NoteYr4: '', ","NoteYr5: '', },","{CatCode: 'BP', Category: 'Bills Payable', Item: 'Bills Payable (Secured)', ItemType: 'ITEM', Formula: 'NA', AmtYr1: '', AmtYr2: '', AmtYr3: '10042', AmtYr4: '5583', AmtYr5: '2097', NoteYr1: '', NoteYr2: '', NoteYr3: '', NoteYr4: '', NoteYr5: '', },"
BP,Bills Payable,Bills Payable (Unsecured),ITEM,NA,,,,,,,,,,,"{CatCode: 'BP', ","Category: 'Bills Payable', ","Item: 'Bills Payable (Unsecured)', ","ItemType: 'ITEM', ","Formula: 'NA', ","AmtYr1: '', ","AmtYr2: '', ","AmtYr3: '', ","AmtYr4: '', ","AmtYr5: '', ","NoteYr1: '', ","NoteYr2: '', ","NoteYr3: '', ","NoteYr4: '', ","NoteYr5: '', },","{CatCode: 'BP', Category: 'Bills Payable', Item: 'Bills Payable (Unsecured)', ItemType: 'ITEM', Formula: 'NA', AmtYr1: '', AmtYr2: '', AmtYr3: '', AmtYr4: '', AmtYr5: '', NoteYr1: '', NoteYr2: '', NoteYr3: '', NoteYr4: '', NoteYr5: '', },"
STD,Short Term Debt,Short Term Debt,CAT,SumItems,0,0,1783,1487,0,,,,,,"{CatCode: 'STD', ","Category: 'Short Term Debt', ","Item: 'Short Term Debt', ","ItemType: 'CAT', ","Formula: 'SumItems', ","AmtYr1: '0', ","AmtYr2: '0', ","AmtYr3: '1783', ","AmtYr4: '1487', ","AmtYr5: '0', ","NoteYr1: '', ","NoteYr2: '', ","NoteYr3: '', ","NoteYr4: '', ","NoteYr5: '', },","{CatCode: 'STD', Category: 'Short Term Debt', Item: 'Short Term Debt', ItemType: 'CAT', Formula: 'SumItems', AmtYr1: '0', AmtYr2: '0', AmtYr3: '1783', AmtYr4: '1487', AmtYr5: '0', NoteYr1: '', NoteYr2: '', NoteYr3: '', NoteYr4: '', NoteYr5: '', },"
STD,Short Term Debt,Bank Debts (Secured),ITEM,NA,,,,,,,,,,,"{CatCode: 'STD', ","Category: 'Short Term Debt', ","Item: 'Bank Debts (Secured)', ","ItemType: 'ITEM', ","Formula: 'NA', ","AmtYr1: '', ","AmtYr2: '', ","AmtYr3: '', ","AmtYr4: '', ","AmtYr5: '', ","NoteYr1: '', ","NoteYr2: '', ","NoteYr3: '', ","NoteYr4: '', ","NoteYr5: '', },","{CatCode: 'STD', Category: 'Short Term Debt', Item: 'Bank Debts (Secured)', ItemType: 'ITEM', Formula: 'NA', AmtYr1: '', AmtYr2: '', AmtYr3: '', AmtYr4: '', AmtYr5: '', NoteYr1: '', NoteYr2: '', NoteYr3: '', NoteYr4: '', NoteYr5: '', },"
STD,Short Term Debt,Bank Debts (Unsecured),ITEM,NA,,,1783,1487,,,,,,,"{CatCode: 'STD', ","Category: 'Short Term Debt', ","Item: 'Bank Debts (Unsecured)', ","ItemType: 'ITEM', ","Formula: 'NA', ","AmtYr1: '', ","AmtYr2: '', ","AmtYr3: '1783', ","AmtYr4: '1487', ","AmtYr5: '', ","NoteYr1: '', ","NoteYr2: '', ","NoteYr3: '', ","NoteYr4: '', ","NoteYr5: '', },","{CatCode: 'STD', Category: 'Short Term Debt', Item: 'Bank Debts (Unsecured)', ItemType: 'ITEM', Formula: 'NA', AmtYr1: '', AmtYr2: '', AmtYr3: '1783', AmtYr4: '1487', AmtYr5: '', NoteYr1: '', NoteYr2: '', NoteYr3: '', NoteYr4: '', NoteYr5: '', },"
CPLTD,Current Portion of Long Term Debt,Current Portion of Long Term Debt,CAT,SumItems,0,0,0,0,0,,,,,,"{CatCode: 'CPLTD', ","Category: 'Current Portion of Long Term Debt', ","Item: 'Current Portion of Long Term Debt', ","ItemType: 'CAT', ","Formula: 'SumItems', ","AmtYr1: '0', ","AmtYr2: '0', ","AmtYr3: '0', ","AmtYr4: '0', ","AmtYr5: '0', ","NoteYr1: '', ","NoteYr2: '', ","NoteYr3: '', ","NoteYr4: '', ","NoteYr5: '', },","{CatCode: 'CPLTD', Category: 'Current Portion of Long Term Debt', Item: 'Current Portion of Long Term Debt', ItemType: 'CAT', Formula: 'SumItems', AmtYr1: '0', AmtYr2: '0', AmtYr3: '0', AmtYr4: '0', AmtYr5: '0', NoteYr1: '', NoteYr2: '', NoteYr3: '', NoteYr4: '', NoteYr5: '', },"
CPLTD,Current Portion of Long Term Debt,Hire Purchase Creditors,ITEM,NA,,,,,,,,,,,"{CatCode: 'CPLTD', ","Category: 'Current Portion of Long Term Debt', ","Item: 'Hire Purchase Creditors', ","ItemType: 'ITEM', ","Formula: 'NA', ","AmtYr1: '', ","AmtYr2: '', ","AmtYr3: '', ","AmtYr4: '', ","AmtYr5: '', ","NoteYr1: '', ","NoteYr2: '', ","NoteYr3: '', ","NoteYr4: '', ","NoteYr5: '', },","{CatCode: 'CPLTD', Category: 'Current Portion of Long Term Debt', Item: 'Hire Purchase Creditors', ItemType: 'ITEM', Formula: 'NA', AmtYr1: '', AmtYr2: '', AmtYr3: '', AmtYr4: '', AmtYr5: '', NoteYr1: '', NoteYr2: '', NoteYr3: '', NoteYr4: '', NoteYr5: '', },"
CPLTD,Current Portion of Long Term Debt,Current Portion of Long Term Debt (Secured),ITEM,NA,,,,,,,,,,,"{CatCode: 'CPLTD', ","Category: 'Current Portion of Long Term Debt', ","Item: 'Current Portion of Long Term Debt (Secured)', ","ItemType: 'ITEM', ","Formula: 'NA', ","AmtYr1: '', ","AmtYr2: '', ","AmtYr3: '', ","AmtYr4: '', ","AmtYr5: '', ","NoteYr1: '', ","NoteYr2: '', ","NoteYr3: '', ","NoteYr4: '', ","NoteYr5: '', },","{CatCode: 'CPLTD', Category: 'Current Portion of Long Term Debt', Item: 'Current Portion of Long Term Debt (Secured)', ItemType: 'ITEM', Formula: 'NA', AmtYr1: '', AmtYr2: '', AmtYr3: '', AmtYr4: '', AmtYr5: '', NoteYr1: '', NoteYr2: '', NoteYr3: '', NoteYr4: '', NoteYr5: '', },"
CPLTD,Current Portion of Long Term Debt,Current Portion of Long Term Debt (Unsecured),ITEM,NA,,,,,,,,,,,"{CatCode: 'CPLTD', ","Category: 'Current Portion of Long Term Debt', ","Item: 'Current Portion of Long Term Debt (Unsecured)', ","ItemType: 'ITEM', ","Formula: 'NA', ","AmtYr1: '', ","AmtYr2: '', ","AmtYr3: '', ","AmtYr4: '', ","AmtYr5: '', ","NoteYr1: '', ","NoteYr2: '', ","NoteYr3: '', ","NoteYr4: '', ","NoteYr5: '', },","{CatCode: 'CPLTD', Category: 'Current Portion of Long Term Debt', Item: 'Current Portion of Long Term Debt (Unsecured)', ItemType: 'ITEM', Formula: 'NA', AmtYr1: '', AmtYr2: '', AmtYr3: '', AmtYr4: '', AmtYr5: '', NoteYr1: '', NoteYr2: '', NoteYr3: '', NoteYr4: '', NoteYr5: '', },"
OP,Other Payable,Other Payable,CAT,SumItems,77,78,227,118,171,,,,,,"{CatCode: 'OP', ","Category: 'Other Payable', ","Item: 'Other Payable', ","ItemType: 'CAT', ","Formula: 'SumItems', ","AmtYr1: '77', ","AmtYr2: '78', ","AmtYr3: '227', ","AmtYr4: '118', ","AmtYr5: '171', ","NoteYr1: '', ","NoteYr2: '', ","NoteYr3: '', ","NoteYr4: '', ","NoteYr5: '', },","{CatCode: 'OP', Category: 'Other Payable', Item: 'Other Payable', ItemType: 'CAT', Formula: 'SumItems', AmtYr1: '77', AmtYr2: '78', AmtYr3: '227', AmtYr4: '118', AmtYr5: '171', NoteYr1: '', NoteYr2: '', NoteYr3: '', NoteYr4: '', NoteYr5: '', },"
OP,Other Payable,Income Tax Payable,ITEM,NA,,,,,,,,,,,"{CatCode: 'OP', ","Category: 'Other Payable', ","Item: 'Income Tax Payable', ","ItemType: 'ITEM', ","Formula: 'NA', ","AmtYr1: '', ","AmtYr2: '', ","AmtYr3: '', ","AmtYr4: '', ","AmtYr5: '', ","NoteYr1: '', ","NoteYr2: '', ","NoteYr3: '', ","NoteYr4: '', ","NoteYr5: '', },","{CatCode: 'OP', Category: 'Other Payable', Item: 'Income Tax Payable', ItemType: 'ITEM', Formula: 'NA', AmtYr1: '', AmtYr2: '', AmtYr3: '', AmtYr4: '', AmtYr5: '', NoteYr1: '', NoteYr2: '', NoteYr3: '', NoteYr4: '', NoteYr5: '', },"
OP,Other Payable,Interest Payable,ITEM,NA,,,,,,,,,,,"{CatCode: 'OP', ","Category: 'Other Payable', ","Item: 'Interest Payable', ","ItemType: 'ITEM', ","Formula: 'NA', ","AmtYr1: '', ","AmtYr2: '', ","AmtYr3: '', ","AmtYr4: '', ","AmtYr5: '', ","NoteYr1: '', ","NoteYr2: '', ","NoteYr3: '', ","NoteYr4: '', ","NoteYr5: '', },","{CatCode: 'OP', Category: 'Other Payable', Item: 'Interest Payable', ItemType: 'ITEM', Formula: 'NA', AmtYr1: '', AmtYr2: '', AmtYr3: '', AmtYr4: '', AmtYr5: '', NoteYr1: '', NoteYr2: '', NoteYr3: '', NoteYr4: '', NoteYr5: '', },"
OP,Other Payable,Dividends Payable (Mainboard Listed),ITEM,NA,,,,,,,,,,,"{CatCode: 'OP', ","Category: 'Other Payable', ","Item: 'Dividends Payable (Mainboard Listed)', ","ItemType: 'ITEM', ","Formula: 'NA', ","AmtYr1: '', ","AmtYr2: '', ","AmtYr3: '', ","AmtYr4: '', ","AmtYr5: '', ","NoteYr1: '', ","NoteYr2: '', ","NoteYr3: '', ","NoteYr4: '', ","NoteYr5: '', },","{CatCode: 'OP', Category: 'Other Payable', Item: 'Dividends Payable (Mainboard Listed)', ItemType: 'ITEM', Formula: 'NA', AmtYr1: '', AmtYr2: '', AmtYr3: '', AmtYr4: '', AmtYr5: '', NoteYr1: '', NoteYr2: '', NoteYr3: '', NoteYr4: '', NoteYr5: '', },"
OP,Other Payable,Dividends Payable (Others),ITEM,NA,,,,,,,,,,,"{CatCode: 'OP', ","Category: 'Other Payable', ","Item: 'Dividends Payable (Others)', ","ItemType: 'ITEM', ","Formula: 'NA', ","AmtYr1: '', ","AmtYr2: '', ","AmtYr3: '', ","AmtYr4: '', ","AmtYr5: '', ","NoteYr1: '', ","NoteYr2: '', ","NoteYr3: '', ","NoteYr4: '', ","NoteYr5: '', },","{CatCode: 'OP', Category: 'Other Payable', Item: 'Dividends Payable (Others)', ItemType: 'ITEM', Formula: 'NA', AmtYr1: '', AmtYr2: '', AmtYr3: '', AmtYr4: '', AmtYr5: '', NoteYr1: '', NoteYr2: '', NoteYr3: '', NoteYr4: '', NoteYr5: '', },"
OP,Other Payable,Accrued Expenses,ITEM,NA,77,78,227,118,171,,,,,,"{CatCode: 'OP', ","Category: 'Other Payable', ","Item: 'Accrued Expenses', ","ItemType: 'ITEM', ","Formula: 'NA', ","AmtYr1: '77', ","AmtYr2: '78', ","AmtYr3: '227', ","AmtYr4: '118', ","AmtYr5: '171', ","NoteYr1: '', ","NoteYr2: '', ","NoteYr3: '', ","NoteYr4: '', ","NoteYr5: '', },","{CatCode: 'OP', Category: 'Other Payable', Item: 'Accrued Expenses', ItemType: 'ITEM', Formula: 'NA', AmtYr1: '77', AmtYr2: '78', AmtYr3: '227', AmtYr4: '118', AmtYr5: '171', NoteYr1: '', NoteYr2: '', NoteYr3: '', NoteYr4: '', NoteYr5: '', },"
RPL,Related Parties Liabilities,Related Parties Liabilities,CAT,SumItems,10,10,10,10,0,,,,,,"{CatCode: 'RPL', ","Category: 'Related Parties Liabilities', ","Item: 'Related Parties Liabilities', ","ItemType: 'CAT', ","Formula: 'SumItems', ","AmtYr1: '10', ","AmtYr2: '10', ","AmtYr3: '10', ","AmtYr4: '10', ","AmtYr5: '0', ","NoteYr1: '', ","NoteYr2: '', ","NoteYr3: '', ","NoteYr4: '', ","NoteYr5: '', },","{CatCode: 'RPL', Category: 'Related Parties Liabilities', Item: 'Related Parties Liabilities', ItemType: 'CAT', Formula: 'SumItems', AmtYr1: '10', AmtYr2: '10', AmtYr3: '10', AmtYr4: '10', AmtYr5: '0', NoteYr1: '', NoteYr2: '', NoteYr3: '', NoteYr4: '', NoteYr5: '', },"
RPL,Related Parties Liabilities,Due to Parent/Subsidiaries,ITEM,NA,,,,,,,,,,,"{CatCode: 'RPL', ","Category: 'Related Parties Liabilities', ","Item: 'Due to Parent/Subsidiaries', ","ItemType: 'ITEM', ","Formula: 'NA', ","AmtYr1: '', ","AmtYr2: '', ","AmtYr3: '', ","AmtYr4: '', ","AmtYr5: '', ","NoteYr1: '', ","NoteYr2: '', ","NoteYr3: '', ","NoteYr4: '', ","NoteYr5: '', },","{CatCode: 'RPL', Category: 'Related Parties Liabilities', Item: 'Due to Parent/Subsidiaries', ItemType: 'ITEM', Formula: 'NA', AmtYr1: '', AmtYr2: '', AmtYr3: '', AmtYr4: '', AmtYr5: '', NoteYr1: '', NoteYr2: '', NoteYr3: '', NoteYr4: '', NoteYr5: '', },"
RPL,Related Parties Liabilities,Due to Associates/Other Related Parties,ITEM,NA,,,,,,,,,,,"{CatCode: 'RPL', ","Category: 'Related Parties Liabilities', ","Item: 'Due to Associates/Other Related Parties', ","ItemType: 'ITEM', ","Formula: 'NA', ","AmtYr1: '', ","AmtYr2: '', ","AmtYr3: '', ","AmtYr4: '', ","AmtYr5: '', ","NoteYr1: '', ","NoteYr2: '', ","NoteYr3: '', ","NoteYr4: '', ","NoteYr5: '', },","{CatCode: 'RPL', Category: 'Related Parties Liabilities', Item: 'Due to Associates/Other Related Parties', ItemType: 'ITEM', Formula: 'NA', AmtYr1: '', AmtYr2: '', AmtYr3: '', AmtYr4: '', AmtYr5: '', NoteYr1: '', NoteYr2: '', NoteYr3: '', NoteYr4: '', NoteYr5: '', },"
RPL,Related Parties Liabilities,Due to Shareholders/ Directors,ITEM,NA,10,10,10,10,0,,,,,,"{CatCode: 'RPL', ","Category: 'Related Parties Liabilities', ","Item: 'Due to Shareholders/ Directors', ","ItemType: 'ITEM', ","Formula: 'NA', ","AmtYr1: '10', ","AmtYr2: '10', ","AmtYr3: '10', ","AmtYr4: '10', ","AmtYr5: '0', ","NoteYr1: '', ","NoteYr2: '', ","NoteYr3: '', ","NoteYr4: '', ","NoteYr5: '', },","{CatCode: 'RPL', Category: 'Related Parties Liabilities', Item: 'Due to Shareholders/ Directors', ItemType: 'ITEM', Formula: 'NA', AmtYr1: '10', AmtYr2: '10', AmtYr3: '10', AmtYr4: '10', AmtYr5: '0', NoteYr1: '', NoteYr2: '', NoteYr3: '', NoteYr4: '', NoteYr5: '', },"
OCL,Other Current Liabilities,Other Current Liabilities,CAT,SumItems,0,21,39,0,20,,,,,,"{CatCode: 'OCL', ","Category: 'Other Current Liabilities', ","Item: 'Other Current Liabilities', ","ItemType: 'CAT', ","Formula: 'SumItems', ","AmtYr1: '0', ","AmtYr2: '21', ","AmtYr3: '39', ","AmtYr4: '0', ","AmtYr5: '20', ","NoteYr1: '', ","NoteYr2: '', ","NoteYr3: '', ","NoteYr4: '', ","NoteYr5: '', },","{CatCode: 'OCL', Category: 'Other Current Liabilities', Item: 'Other Current Liabilities', ItemType: 'CAT', Formula: 'SumItems', AmtYr1: '0', AmtYr2: '21', AmtYr3: '39', AmtYr4: '0', AmtYr5: '20', NoteYr1: '', NoteYr2: '', NoteYr3: '', NoteYr4: '', NoteYr5: '', },"
OCL,Other Current Liabilities,Other Current Liabilities,ITEM,NA,0,21,39,0,20,,,,,,"{CatCode: 'OCL', ","Category: 'Other Current Liabilities', ","Item: 'Other Current Liabilities', ","ItemType: 'ITEM', ","Formula: 'NA', ","AmtYr1: '0', ","AmtYr2: '21', ","AmtYr3: '39', ","AmtYr4: '0', ","AmtYr5: '20', ","NoteYr1: '', ","NoteYr2: '', ","NoteYr3: '', ","NoteYr4: '', ","NoteYr5: '', },","{CatCode: 'OCL', Category: 'Other Current Liabilities', Item: 'Other Current Liabilities', ItemType: 'ITEM', Formula: 'NA', AmtYr1: '0', AmtYr2: '21', AmtYr3: '39', AmtYr4: '0', AmtYr5: '20', NoteYr1: '', NoteYr2: '', NoteYr3: '', NoteYr4: '', NoteYr5: '', },"
CL,CURRENT LIABILITIES,CURRENT LIABILITIES,CAT,AP + APRP + BP + STD + CPLD + OP + RPL + OCL,6879,2273,58858,95808,110827,,,,,,"{CatCode: 'CL', ","Category: 'CURRENT LIABILITIES', ","Item: 'CURRENT LIABILITIES', ","ItemType: 'CAT', ","Formula: 'AP + APRP + BP + STD + CPLD + OP + RPL + OCL', ","AmtYr1: '6879', ","AmtYr2: '2273', ","AmtYr3: '58858', ","AmtYr4: '95808', ","AmtYr5: '110827', ","NoteYr1: '', ","NoteYr2: '', ","NoteYr3: '', ","NoteYr4: '', ","NoteYr5: '', },","{CatCode: 'CL', Category: 'CURRENT LIABILITIES', Item: 'CURRENT LIABILITIES', ItemType: 'CAT', Formula: 'AP + APRP + BP + STD + CPLD + OP + RPL + OCL', AmtYr1: '6879', AmtYr2: '2273', AmtYr3: '58858', AmtYr4: '95808', AmtYr5: '110827', NoteYr1: '', NoteYr2: '', NoteYr3: '', NoteYr4: '', NoteYr5: '', },"
LTD,Long Term Debt,Long Term Debt,CAT,SumItems,0,0,0,0,0,,,,,,"{CatCode: 'LTD', ","Category: 'Long Term Debt', ","Item: 'Long Term Debt', ","ItemType: 'CAT', ","Formula: 'SumItems', ","AmtYr1: '0', ","AmtYr2: '0', ","AmtYr3: '0', ","AmtYr4: '0', ","AmtYr5: '0', ","NoteYr1: '', ","NoteYr2: '', ","NoteYr3: '', ","NoteYr4: '', ","NoteYr5: '', },","{CatCode: 'LTD', Category: 'Long Term Debt', Item: 'Long Term Debt', ItemType: 'CAT', Formula: 'SumItems', AmtYr1: '0', AmtYr2: '0', AmtYr3: '0', AmtYr4: '0', AmtYr5: '0', NoteYr1: '', NoteYr2: '', NoteYr3: '', NoteYr4: '', NoteYr5: '', },"
LTD,Long Term Debt,Bank Debts (Secured),ITEM,NA,,,,,,,,,,,"{CatCode: 'LTD', ","Category: 'Long Term Debt', ","Item: 'Bank Debts (Secured)', ","ItemType: 'ITEM', ","Formula: 'NA', ","AmtYr1: '', ","AmtYr2: '', ","AmtYr3: '', ","AmtYr4: '', ","AmtYr5: '', ","NoteYr1: '', ","NoteYr2: '', ","NoteYr3: '', ","NoteYr4: '', ","NoteYr5: '', },","{CatCode: 'LTD', Category: 'Long Term Debt', Item: 'Bank Debts (Secured)', ItemType: 'ITEM', Formula: 'NA', AmtYr1: '', AmtYr2: '', AmtYr3: '', AmtYr4: '', AmtYr5: '', NoteYr1: '', NoteYr2: '', NoteYr3: '', NoteYr4: '', NoteYr5: '', },"
LTD,Long Term Debt,Bank Debts (Unsecured),ITEM,NA,,,,,,,,,,,"{CatCode: 'LTD', ","Category: 'Long Term Debt', ","Item: 'Bank Debts (Unsecured)', ","ItemType: 'ITEM', ","Formula: 'NA', ","AmtYr1: '', ","AmtYr2: '', ","AmtYr3: '', ","AmtYr4: '', ","AmtYr5: '', ","NoteYr1: '', ","NoteYr2: '', ","NoteYr3: '', ","NoteYr4: '', ","NoteYr5: '', },","{CatCode: 'LTD', Category: 'Long Term Debt', Item: 'Bank Debts (Unsecured)', ItemType: 'ITEM', Formula: 'NA', AmtYr1: '', AmtYr2: '', AmtYr3: '', AmtYr4: '', AmtYr5: '', NoteYr1: '', NoteYr2: '', NoteYr3: '', NoteYr4: '', NoteYr5: '', },"
LTD,Long Term Debt,Hire Purchase Creditors,ITEM,NA,,,,,,,,,,,"{CatCode: 'LTD', ","Category: 'Long Term Debt', ","Item: 'Hire Purchase Creditors', ","ItemType: 'ITEM', ","Formula: 'NA', ","AmtYr1: '', ","AmtYr2: '', ","AmtYr3: '', ","AmtYr4: '', ","AmtYr5: '', ","NoteYr1: '', ","NoteYr2: '', ","NoteYr3: '', ","NoteYr4: '', ","NoteYr5: '', },","{CatCode: 'LTD', Category: 'Long Term Debt', Item: 'Hire Purchase Creditors', ItemType: 'ITEM', Formula: 'NA', AmtYr1: '', AmtYr2: '', AmtYr3: '', AmtYr4: '', AmtYr5: '', NoteYr1: '', NoteYr2: '', NoteYr3: '', NoteYr4: '', NoteYr5: '', },"
LTD,Long Term Debt,Other Debts (Unsecured),ITEM,NA,,,,,,,,,,,"{CatCode: 'LTD', ","Category: 'Long Term Debt', ","Item: 'Other Debts (Unsecured)', ","ItemType: 'ITEM', ","Formula: 'NA', ","AmtYr1: '', ","AmtYr2: '', ","AmtYr3: '', ","AmtYr4: '', ","AmtYr5: '', ","NoteYr1: '', ","NoteYr2: '', ","NoteYr3: '', ","NoteYr4: '', ","NoteYr5: '', },","{CatCode: 'LTD', Category: 'Long Term Debt', Item: 'Other Debts (Unsecured)', ItemType: 'ITEM', Formula: 'NA', AmtYr1: '', AmtYr2: '', AmtYr3: '', AmtYr4: '', AmtYr5: '', NoteYr1: '', NoteYr2: '', NoteYr3: '', NoteYr4: '', NoteYr5: '', },"
DIT,Deferred Income Tax,Deferred Income Tax,CAT,SumItems,0,0,0,0,153,,,,,,"{CatCode: 'DIT', ","Category: 'Deferred Income Tax', ","Item: 'Deferred Income Tax', ","ItemType: 'CAT', ","Formula: 'SumItems', ","AmtYr1: '0', ","AmtYr2: '0', ","AmtYr3: '0', ","AmtYr4: '0', ","AmtYr5: '153', ","NoteYr1: '', ","NoteYr2: '', ","NoteYr3: '', ","NoteYr4: '', ","NoteYr5: '', },","{CatCode: 'DIT', Category: 'Deferred Income Tax', Item: 'Deferred Income Tax', ItemType: 'CAT', Formula: 'SumItems', AmtYr1: '0', AmtYr2: '0', AmtYr3: '0', AmtYr4: '0', AmtYr5: '153', NoteYr1: '', NoteYr2: '', NoteYr3: '', NoteYr4: '', NoteYr5: '', },"
DIT,Deferred Income Tax,Deferred Tax,ITEM,NA,,,,,153,,,,,,"{CatCode: 'DIT', ","Category: 'Deferred Income Tax', ","Item: 'Deferred Tax', ","ItemType: 'ITEM', ","Formula: 'NA', ","AmtYr1: '', ","AmtYr2: '', ","AmtYr3: '', ","AmtYr4: '', ","AmtYr5: '153', ","NoteYr1: '', ","NoteYr2: '', ","NoteYr3: '', ","NoteYr4: '', ","NoteYr5: '', },","{CatCode: 'DIT', Category: 'Deferred Income Tax', Item: 'Deferred Tax', ItemType: 'ITEM', Formula: 'NA', AmtYr1: '', AmtYr2: '', AmtYr3: '', AmtYr4: '', AmtYr5: '153', NoteYr1: '', NoteYr2: '', NoteYr3: '', NoteYr4: '', NoteYr5: '', },"
ONCL,Other Non Current Libabilities,Other Non Current Libabilities,CAT,SumItems,0,0,0,0,0,,,,,,"{CatCode: 'ONCL', ","Category: 'Other Non Current Libabilities', ","Item: 'Other Non Current Libabilities', ","ItemType: 'CAT', ","Formula: 'SumItems', ","AmtYr1: '0', ","AmtYr2: '0', ","AmtYr3: '0', ","AmtYr4: '0', ","AmtYr5: '0', ","NoteYr1: '', ","NoteYr2: '', ","NoteYr3: '', ","NoteYr4: '', ","NoteYr5: '', },","{CatCode: 'ONCL', Category: 'Other Non Current Libabilities', Item: 'Other Non Current Libabilities', ItemType: 'CAT', Formula: 'SumItems', AmtYr1: '0', AmtYr2: '0', AmtYr3: '0', AmtYr4: '0', AmtYr5: '0', NoteYr1: '', NoteYr2: '', NoteYr3: '', NoteYr4: '', NoteYr5: '', },"
ONCL,Other Non Current Libabilities,Provision for Directos'r Fee,ITEM,NA,,,,,,,,,,,"{CatCode: 'ONCL', ","Category: 'Other Non Current Libabilities', ","Item: 'Provision for Directos'r Fee', ","ItemType: 'ITEM', ","Formula: 'NA', ","AmtYr1: '', ","AmtYr2: '', ","AmtYr3: '', ","AmtYr4: '', ","AmtYr5: '', ","NoteYr1: '', ","NoteYr2: '', ","NoteYr3: '', ","NoteYr4: '', ","NoteYr5: '', },","{CatCode: 'ONCL', Category: 'Other Non Current Libabilities', Item: 'Provision for Directos'r Fee', ItemType: 'ITEM', Formula: 'NA', AmtYr1: '', AmtYr2: '', AmtYr3: '', AmtYr4: '', AmtYr5: '', NoteYr1: '', NoteYr2: '', NoteYr3: '', NoteYr4: '', NoteYr5: '', },"
LTL,LONG TERM LIABILITIES,LONG TERM LIABILITIES,CAT,LTD + DIT + ONCL,0,0,0,0,153,,,,,,"{CatCode: 'LTL', ","Category: 'LONG TERM LIABILITIES', ","Item: 'LONG TERM LIABILITIES', ","ItemType: 'CAT', ","Formula: 'LTD + DIT + ONCL', ","AmtYr1: '0', ","AmtYr2: '0', ","AmtYr3: '0', ","AmtYr4: '0', ","AmtYr5: '153', ","NoteYr1: '', ","NoteYr2: '', ","NoteYr3: '', ","NoteYr4: '', ","NoteYr5: '', },","{CatCode: 'LTL', Category: 'LONG TERM LIABILITIES', Item: 'LONG TERM LIABILITIES', ItemType: 'CAT', Formula: 'LTD + DIT + ONCL', AmtYr1: '0', AmtYr2: '0', AmtYr3: '0', AmtYr4: '0', AmtYr5: '153', NoteYr1: '', NoteYr2: '', NoteYr3: '', NoteYr4: '', NoteYr5: '', },"
TL,TOTAL LIABILITIES,TOTAL LIABILITIES,CAT,CL + LTL,6879,2273,58858,95808,110980,,,,,,"{CatCode: 'TL', ","Category: 'TOTAL LIABILITIES', ","Item: 'TOTAL LIABILITIES', ","ItemType: 'CAT', ","Formula: 'CL + LTL', ","AmtYr1: '6879', ","AmtYr2: '2273', ","AmtYr3: '58858', ","AmtYr4: '95808', ","AmtYr5: '110980', ","NoteYr1: '', ","NoteYr2: '', ","NoteYr3: '', ","NoteYr4: '', ","NoteYr5: '', },","{CatCode: 'TL', Category: 'TOTAL LIABILITIES', Item: 'TOTAL LIABILITIES', ItemType: 'CAT', Formula: 'CL + LTL', AmtYr1: '6879', AmtYr2: '2273', AmtYr3: '58858', AmtYr4: '95808', AmtYr5: '110980', NoteYr1: '', NoteYr2: '', NoteYr3: '', NoteYr4: '', NoteYr5: '', },"
SHR,Shares,Shares,CAT,SumItems,1200,1200,1200,1200,1200,,,,,,"{CatCode: 'SHR', ","Category: 'Shares', ","Item: 'Shares', ","ItemType: 'CAT', ","Formula: 'SumItems', ","AmtYr1: '1200', ","AmtYr2: '1200', ","AmtYr3: '1200', ","AmtYr4: '1200', ","AmtYr5: '1200', ","NoteYr1: '', ","NoteYr2: '', ","NoteYr3: '', ","NoteYr4: '', ","NoteYr5: '', },","{CatCode: 'SHR', Category: 'Shares', Item: 'Shares', ItemType: 'CAT', Formula: 'SumItems', AmtYr1: '1200', AmtYr2: '1200', AmtYr3: '1200', AmtYr4: '1200', AmtYr5: '1200', NoteYr1: '', NoteYr2: '', NoteYr3: '', NoteYr4: '', NoteYr5: '', },"
SHR,Shares,Ordinary Shares,ITEM,NA,1200,1200,1200,1200,1200,,,,,,"{CatCode: 'SHR', ","Category: 'Shares', ","Item: 'Ordinary Shares', ","ItemType: 'ITEM', ","Formula: 'NA', ","AmtYr1: '1200', ","AmtYr2: '1200', ","AmtYr3: '1200', ","AmtYr4: '1200', ","AmtYr5: '1200', ","NoteYr1: '', ","NoteYr2: '', ","NoteYr3: '', ","NoteYr4: '', ","NoteYr5: '', },","{CatCode: 'SHR', Category: 'Shares', Item: 'Ordinary Shares', ItemType: 'ITEM', Formula: 'NA', AmtYr1: '1200', AmtYr2: '1200', AmtYr3: '1200', AmtYr4: '1200', AmtYr5: '1200', NoteYr1: '', NoteYr2: '', NoteYr3: '', NoteYr4: '', NoteYr5: '', },"
SHR,Shares,Preference Shares,ITEM,NA,,,,,,,,,,,"{CatCode: 'SHR', ","Category: 'Shares', ","Item: 'Preference Shares', ","ItemType: 'ITEM', ","Formula: 'NA', ","AmtYr1: '', ","AmtYr2: '', ","AmtYr3: '', ","AmtYr4: '', ","AmtYr5: '', ","NoteYr1: '', ","NoteYr2: '', ","NoteYr3: '', ","NoteYr4: '', ","NoteYr5: '', },","{CatCode: 'SHR', Category: 'Shares', Item: 'Preference Shares', ItemType: 'ITEM', Formula: 'NA', AmtYr1: '', AmtYr2: '', AmtYr3: '', AmtYr4: '', AmtYr5: '', NoteYr1: '', NoteYr2: '', NoteYr3: '', NoteYr4: '', NoteYr5: '', },"
SHR,Shares,Share Premium,ITEM,NA,,,,,,,,,,,"{CatCode: 'SHR', ","Category: 'Shares', ","Item: 'Share Premium', ","ItemType: 'ITEM', ","Formula: 'NA', ","AmtYr1: '', ","AmtYr2: '', ","AmtYr3: '', ","AmtYr4: '', ","AmtYr5: '', ","NoteYr1: '', ","NoteYr2: '', ","NoteYr3: '', ","NoteYr4: '', ","NoteYr5: '', },","{CatCode: 'SHR', Category: 'Shares', Item: 'Share Premium', ItemType: 'ITEM', Formula: 'NA', AmtYr1: '', AmtYr2: '', AmtYr3: '', AmtYr4: '', AmtYr5: '', NoteYr1: '', NoteYr2: '', NoteYr3: '', NoteYr4: '', NoteYr5: '', },"
RSV,Reserves,Reserves,CAT,SumItems,0,0,0,0,0,,,,,,"{CatCode: 'RSV', ","Category: 'Reserves', ","Item: 'Reserves', ","ItemType: 'CAT', ","Formula: 'SumItems', ","AmtYr1: '0', ","AmtYr2: '0', ","AmtYr3: '0', ","AmtYr4: '0', ","AmtYr5: '0', ","NoteYr1: '', ","NoteYr2: '', ","NoteYr3: '', ","NoteYr4: '', ","NoteYr5: '', },","{CatCode: 'RSV', Category: 'Reserves', Item: 'Reserves', ItemType: 'CAT', Formula: 'SumItems', AmtYr1: '0', AmtYr2: '0', AmtYr3: '0', AmtYr4: '0', AmtYr5: '0', NoteYr1: '', NoteYr2: '', NoteYr3: '', NoteYr4: '', NoteYr5: '', },"
RSV,Reserves,Revaluation Reserves,ITEM,NA,,,,,,,,,,,"{CatCode: 'RSV', ","Category: 'Reserves', ","Item: 'Revaluation Reserves', ","ItemType: 'ITEM', ","Formula: 'NA', ","AmtYr1: '', ","AmtYr2: '', ","AmtYr3: '', ","AmtYr4: '', ","AmtYr5: '', ","NoteYr1: '', ","NoteYr2: '', ","NoteYr3: '', ","NoteYr4: '', ","NoteYr5: '', },","{CatCode: 'RSV', Category: 'Reserves', Item: 'Revaluation Reserves', ItemType: 'ITEM', Formula: 'NA', AmtYr1: '', AmtYr2: '', AmtYr3: '', AmtYr4: '', AmtYr5: '', NoteYr1: '', NoteYr2: '', NoteYr3: '', NoteYr4: '', NoteYr5: '', },"
RSV,Reserves,General Reserves,ITEM,NA,,,,,,,,,,,"{CatCode: 'RSV', ","Category: 'Reserves', ","Item: 'General Reserves', ","ItemType: 'ITEM', ","Formula: 'NA', ","AmtYr1: '', ","AmtYr2: '', ","AmtYr3: '', ","AmtYr4: '', ","AmtYr5: '', ","NoteYr1: '', ","NoteYr2: '', ","NoteYr3: '', ","NoteYr4: '', ","NoteYr5: '', },","{CatCode: 'RSV', Category: 'Reserves', Item: 'General Reserves', ItemType: 'ITEM', Formula: 'NA', AmtYr1: '', AmtYr2: '', AmtYr3: '', AmtYr4: '', AmtYr5: '', NoteYr1: '', NoteYr2: '', NoteYr3: '', NoteYr4: '', NoteYr5: '', },"
RSV,Reserves,FX Gains and Losses Reserves,ITEM,NA,,,,,,,,,,,"{CatCode: 'RSV', ","Category: 'Reserves', ","Item: 'FX Gains and Losses Reserves', ","ItemType: 'ITEM', ","Formula: 'NA', ","AmtYr1: '', ","AmtYr2: '', ","AmtYr3: '', ","AmtYr4: '', ","AmtYr5: '', ","NoteYr1: '', ","NoteYr2: '', ","NoteYr3: '', ","NoteYr4: '', ","NoteYr5: '', },","{CatCode: 'RSV', Category: 'Reserves', Item: 'FX Gains and Losses Reserves', ItemType: 'ITEM', Formula: 'NA', AmtYr1: '', AmtYr2: '', AmtYr3: '', AmtYr4: '', AmtYr5: '', NoteYr1: '', NoteYr2: '', NoteYr3: '', NoteYr4: '', NoteYr5: '', },"
REAL,Retained Earnings / Accumulated Losses,Retained Earnings / Accumulated Losses,CAT,SumItems,-74,-677,499,2745,3838,,,,,,"{CatCode: 'REAL', ","Category: 'Retained Earnings / Accumulated Losses', ","Item: 'Retained Earnings / Accumulated Losses', ","ItemType: 'CAT', ","Formula: 'SumItems', ","AmtYr1: '-74', ","AmtYr2: '-677', ","AmtYr3: '499', ","AmtYr4: '2745', ","AmtYr5: '3838', ","NoteYr1: '', ","NoteYr2: '', ","NoteYr3: '', ","NoteYr4: '', ","NoteYr5: '', },","{CatCode: 'REAL', Category: 'Retained Earnings / Accumulated Losses', Item: 'Retained Earnings / Accumulated Losses', ItemType: 'CAT', Formula: 'SumItems', AmtYr1: '-74', AmtYr2: '-677', AmtYr3: '499', AmtYr4: '2745', AmtYr5: '3838', NoteYr1: '', NoteYr2: '', NoteYr3: '', NoteYr4: '', NoteYr5: '', },"
REAL,Retained Earnings / Accumulated Losses,Retained Earnings / Accumulated Losses,ITEM,NA,-74,-677,499,2745,3838,,,,,,"{CatCode: 'REAL', ","Category: 'Retained Earnings / Accumulated Losses', ","Item: 'Retained Earnings / Accumulated Losses', ","ItemType: 'ITEM', ","Formula: 'NA', ","AmtYr1: '-74', ","AmtYr2: '-677', ","AmtYr3: '499', ","AmtYr4: '2745', ","AmtYr5: '3838', ","NoteYr1: '', ","NoteYr2: '', ","NoteYr3: '', ","NoteYr4: '', ","NoteYr5: '', },","{CatCode: 'REAL', Category: 'Retained Earnings / Accumulated Losses', Item: 'Retained Earnings / Accumulated Losses', ItemType: 'ITEM', Formula: 'NA', AmtYr1: '-74', AmtYr2: '-677', AmtYr3: '499', AmtYr4: '2745', AmtYr5: '3838', NoteYr1: '', NoteYr2: '', NoteYr3: '', NoteYr4: '', NoteYr5: '', },"
NW,NET WORTH,NET WORTH,CAT,SHR + RSV + REAL,1126,523,1699,3945,5038,,,,,,"{CatCode: 'NW', ","Category: 'NET WORTH', ","Item: 'NET WORTH', ","ItemType: 'CAT', ","Formula: 'SHR + RSV + REAL', ","AmtYr1: '1126', ","AmtYr2: '523', ","AmtYr3: '1699', ","AmtYr4: '3945', ","AmtYr5: '5038', ","NoteYr1: '', ","NoteYr2: '', ","NoteYr3: '', ","NoteYr4: '', ","NoteYr5: '', },","{CatCode: 'NW', Category: 'NET WORTH', Item: 'NET WORTH', ItemType: 'CAT', Formula: 'SHR + RSV + REAL', AmtYr1: '1126', AmtYr2: '523', AmtYr3: '1699', AmtYr4: '3945', AmtYr5: '5038', NoteYr1: '', NoteYr2: '', NoteYr3: '', NoteYr4: '', NoteYr5: '', },"
MI,Minority Interest,Minority Interest,CAT,SumItems,0,0,0,0,0,,,,,,"{CatCode: 'MI', ","Category: 'Minority Interest', ","Item: 'Minority Interest', ","ItemType: 'CAT', ","Formula: 'SumItems', ","AmtYr1: '0', ","AmtYr2: '0', ","AmtYr3: '0', ","AmtYr4: '0', ","AmtYr5: '0', ","NoteYr1: '', ","NoteYr2: '', ","NoteYr3: '', ","NoteYr4: '', ","NoteYr5: '', },","{CatCode: 'MI', Category: 'Minority Interest', Item: 'Minority Interest', ItemType: 'CAT', Formula: 'SumItems', AmtYr1: '0', AmtYr2: '0', AmtYr3: '0', AmtYr4: '0', AmtYr5: '0', NoteYr1: '', NoteYr2: '', NoteYr3: '', NoteYr4: '', NoteYr5: '', },"
MI,Minority Interest,Minority Interest,ITEM,NA,,,,,,,,,,,"{CatCode: 'MI', ","Category: 'Minority Interest', ","Item: 'Minority Interest', ","ItemType: 'ITEM', ","Formula: 'NA', ","AmtYr1: '', ","AmtYr2: '', ","AmtYr3: '', ","AmtYr4: '', ","AmtYr5: '', ","NoteYr1: '', ","NoteYr2: '', ","NoteYr3: '', ","NoteYr4: '', ","NoteYr5: '', },","{CatCode: 'MI', Category: 'Minority Interest', Item: 'Minority Interest', ItemType: 'ITEM', Formula: 'NA', AmtYr1: '', AmtYr2: '', AmtYr3: '', AmtYr4: '', AmtYr5: '', NoteYr1: '', NoteYr2: '', NoteYr3: '', NoteYr4: '', NoteYr5: '', },"
TLNW,"TOTAL LIABILITIES, NET WORTH & M.I.","TOTAL LIABILITIES, NET WORTH & M.I.",CAT,TL + NW + MI,8005,2796,60557,99753,116018,,,,,,"{CatCode: 'TLNW', ","Category: 'TOTAL LIABILITIES, NET WORTH & M.I.', ","Item: 'TOTAL LIABILITIES, NET WORTH & M.I.', ","ItemType: 'CAT', ","Formula: 'TL + NW + MI', ","AmtYr1: '8005', ","AmtYr2: '2796', ","AmtYr3: '60557', ","AmtYr4: '99753', ","AmtYr5: '116018', ","NoteYr1: '', ","NoteYr2: '', ","NoteYr3: '', ","NoteYr4: '', ","NoteYr5: '', },","{CatCode: 'TLNW', Category: 'TOTAL LIABILITIES, NET WORTH & M.I.', Item: 'TOTAL LIABILITIES, NET WORTH & M.I.', ItemType: 'CAT', Formula: 'TL + NW + MI', AmtYr1: '8005', AmtYr2: '2796', AmtYr3: '60557', AmtYr4: '99753', AmtYr5: '116018', NoteYr1: '', NoteYr2: '', NoteYr3: '', NoteYr4: '', NoteYr5: '', },"
COL,CONTINGENT LIABILITIES,CONTINGENT LIABILITIES,CAT,SumItems,0,0,0,430,11880,,,,,,"{CatCode: 'COL', ","Category: 'CONTINGENT LIABILITIES', ","Item: 'CONTINGENT LIABILITIES', ","ItemType: 'CAT', ","Formula: 'SumItems', ","AmtYr1: '0', ","AmtYr2: '0', ","AmtYr3: '0', ","AmtYr4: '430', ","AmtYr5: '11880', ","NoteYr1: '', ","NoteYr2: '', ","NoteYr3: '', ","NoteYr4: '', ","NoteYr5: '', },","{CatCode: 'COL', Category: 'CONTINGENT LIABILITIES', Item: 'CONTINGENT LIABILITIES', ItemType: 'CAT', Formula: 'SumItems', AmtYr1: '0', AmtYr2: '0', AmtYr3: '0', AmtYr4: '430', AmtYr5: '11880', NoteYr1: '', NoteYr2: '', NoteYr3: '', NoteYr4: '', NoteYr5: '', },"
COL,CONTINGENT LIABILITIES,CONTINGENT LIABILITIES,ITEM,NA,,,,430,11880,,,,,,"{CatCode: 'COL', ","Category: 'CONTINGENT LIABILITIES', ","Item: 'CONTINGENT LIABILITIES', ","ItemType: 'ITEM', ","Formula: 'NA', ","AmtYr1: '', ","AmtYr2: '', ","AmtYr3: '', ","AmtYr4: '430', ","AmtYr5: '11880', ","NoteYr1: '', ","NoteYr2: '', ","NoteYr3: '', ","NoteYr4: '', ","NoteYr5: '', },","{CatCode: 'COL', Category: 'CONTINGENT LIABILITIES', Item: 'CONTINGENT LIABILITIES', ItemType: 'ITEM', Formula: 'NA', AmtYr1: '', AmtYr2: '', AmtYr3: '', AmtYr4: '430', AmtYr5: '11880', NoteYr1: '', NoteYr2: '', NoteYr3: '', NoteYr4: '', NoteYr5: '', },"
COMT,COMMITMENTS,COMMITMENTS,CAT,SumItems,0,0,0,0,0,,,,,,"{CatCode: 'COMT', ","Category: 'COMMITMENTS', ","Item: 'COMMITMENTS', ","ItemType: 'CAT', ","Formula: 'SumItems', ","AmtYr1: '0', ","AmtYr2: '0', ","AmtYr3: '0', ","AmtYr4: '0', ","AmtYr5: '0', ","NoteYr1: '', ","NoteYr2: '', ","NoteYr3: '', ","NoteYr4: '', ","NoteYr5: '', },","{CatCode: 'COMT', Category: 'COMMITMENTS', Item: 'COMMITMENTS', ItemType: 'CAT', Formula: 'SumItems', AmtYr1: '0', AmtYr2: '0', AmtYr3: '0', AmtYr4: '0', AmtYr5: '0', NoteYr1: '', NoteYr2: '', NoteYr3: '', NoteYr4: '', NoteYr5: '', },"
COMT,COMMITMENTS,COMMITMENTS,ITEM,NA,,,,,,,,,,,"{CatCode: 'COMT', ","Category: 'COMMITMENTS', ","Item: 'COMMITMENTS', ","ItemType: 'ITEM', ","Formula: 'NA', ","AmtYr1: '', ","AmtYr2: '', ","AmtYr3: '', ","AmtYr4: '', ","AmtYr5: '', ","NoteYr1: '', ","NoteYr2: '', ","NoteYr3: '', ","NoteYr4: '', ","NoteYr5: '', },","{CatCode: 'COMT', Category: 'COMMITMENTS', Item: 'COMMITMENTS', ItemType: 'ITEM', Formula: 'NA', AmtYr1: '', AmtYr2: '', AmtYr3: '', AmtYr4: '', AmtYr5: '', NoteYr1: '', NoteYr2: '', NoteYr3: '', NoteYr4: '', NoteYr5: '', },"
