ctrycode,ctryname,SP,Moody,Fitch,SP_rank,Moody_rank,Fitch_rank,Combined_rank,Combined_rating,Risk_level,valid_from,valid_to
AL,Albania,B+,B1,,14,16,,16,B-,5,1900-01-01,2100-12-31
AD,Andorra,BBB,,BBB+,9,,8,9,BBB,3,1900-01-01,2100-12-31
AO,Angola,CCC+,Caa1,CCC,17,19,,19,CC,5,1900-01-01,2100-12-31
AR,Argentina,CCC+,Ca,CCC,17,20,,20,CC-,5,1900-01-01,2100-12-31
AM,Armenia,,Ba3,B+,,11,14,14,B+,5,1900-01-01,2100-12-31
AW,Aruba,BBB,,BB,9,,12,12,BB,4,1900-01-01,2100-12-31
AU,Australia,AAA,Aaa,AAA,1,1,1,1,AAA,1,1900-01-01,2100-12-31
AT,Austria,AA+,Aa1,AA+,2,4,2,2,AA+,1,1900-01-01,2100-12-31
AZ,Azerbaijan,BB+,Ba2,BB+,11,12,11,11,BB+,4,1900-01-01,2100-12-31
BS,Bahamas,BB-,Ba2,,13,12,,13,BB-,4,1900-01-01,2100-12-31
BH,Bahrain,B+,B2,B+,14,15,14,14,B+,5,1900-01-01,2100-12-31
BD,Bangladesh,BB-,Ba3,BB-,13,11,13,13,BB-,4,1900-01-01,2100-12-31
BB,Barbados,B-,Caa1,,16,19,,19,CC,5,1900-01-01,2100-12-31
BY,Belarus,B,B3,B,15,14,15,15,B,5,1900-01-01,2100-12-31
BE,Belgium,AA,Aa3,AA-,3,2,4,3,AA,1,1900-01-01,2100-12-31
BZ,Belize,CC,Caa3,,19,17,,19,CC,5,1900-01-01,2100-12-31
BJ,Benin,B+,B1,B,14,16,15,15,B,5,1900-01-01,2100-12-31
BM,Bermuda,A+,A2,,5,6,,6,A-,2,1900-01-01,2100-12-31
BO,Bolivia,B+,B2,B,14,15,15,15,B,5,1900-01-01,2100-12-31
BA,Bosnia and Herzegovina,B,B3,,15,14,,15,B,5,1900-01-01,2100-12-31
BW,Botswana,BBB+,A3,,8,5,,8,BBB+,3,1900-01-01,2100-12-31
BR,Brazil,BB-,Ba2,BB-,13,12,13,13,BB-,4,1900-01-01,2100-12-31
BG,Bulgaria,BBB,Baa1,BBB,9,10,9,9,BBB,3,1900-01-01,2100-12-31
BF,Burkina Faso,B,,,15,,,15,B,5,1900-01-01,2100-12-31
KH,Cambodia,,B2,,,15,,15,B,5,1900-01-01,2100-12-31
CM,Cameroon,B-,B2,B,16,15,15,15,B,5,1900-01-01,2100-12-31
CA,Canada,AAA,Aaa,AA+,1,1,2,1,AAA,1,1900-01-01,2100-12-31
CV,Cape Verde,B-,,B-,16,,16,16,B-,5,1900-01-01,2100-12-31
KY,Cayman Islands,,Aa3,,,2,,2,AA+,1,1900-01-01,2100-12-31
CL,Chile,A,A1,A-,7,7,6,7,A,2,1900-01-01,2100-12-31
CN,China,A+,A1,A+,5,7,5,5,A+,2,1900-01-01,2100-12-31
CO,Colombia,BBB-,Baa2,BBB-,10,9,10,10,BBB-,3,1900-01-01,2100-12-31
CR,Costa Rica,B,B2,B,15,15,15,15,B,5,1900-01-01,2100-12-31
HR,Croatia,BBB-,Ba1,BBB-,10,13,10,10,BBB-,3,1900-01-01,2100-12-31
CU,Cuba,,Caa2,,,18,,18,CC+,5,1900-01-01,2100-12-31
CY,Cyprus,BBB-,Ba2,BBB-,10,12,10,10,BBB-,3,1900-01-01,2100-12-31
CZ,Czech Republic,AA-,Aa3,AA-,4,2,4,4,AA-,1,1900-01-01,2100-12-31
DK,Denmark,AAA,Aaa,AAA,1,1,1,1,AAA,1,1900-01-01,2100-12-31
DO,Dominican Republic,BB-,Ba3,BB-,13,11,13,13,BB-,4,1900-01-01,2100-12-31
EC,Ecuador,B-,Caa3,B-,16,17,16,16,B-,5,1900-01-01,2100-12-31
EG,Egypt,B,B2,B+,15,15,14,15,B,5,1900-01-01,2100-12-31
SV,El Salvador,B-,B3,B-,16,14,16,16,B-,5,1900-01-01,2100-12-31
EE,Estonia,AA-,A1,AA-,4,7,4,4,AA-,1,1900-01-01,2100-12-31
ET,Ethiopia,B-,Caa1,CCC,16,19,,19,CC,5,1900-01-01,2100-12-31
FJ,Fiji,BB-,B1,,13,16,,16,B-,5,1900-01-01,2100-12-31
FI,Finland,AA+,Aa1,AA+,2,4,2,2,AA+,1,1900-01-01,2100-12-31
FR,France,AA,Aa2,AA,3,3,3,3,AA,1,1900-01-01,2100-12-31
GA,Gabon,,Caa1,CCC,,19,,19,CC,5,1900-01-01,2100-12-31
GE,Georgia,BB,Ba2,BB,12,12,12,12,BB,4,1900-01-01,2100-12-31
DE,Germany,AAA,Aaa,AAA,1,1,1,1,AAA,1,1900-01-01,2100-12-31
GH,Ghana,B-,B3,B,16,14,15,15,B,5,1900-01-01,2100-12-31
GR,Greece,BB,Ba3,BB,12,11,12,12,BB,4,1900-01-01,2100-12-31
GD,Grenada,D,,,22,,,22,D,5,1900-01-01,2100-12-31
GT,Guatemala,BB-,Ba1,BB-,13,13,13,13,BB-,4,1900-01-01,2100-12-31
HN,Honduras,BB-,B1,,13,16,,16,B-,5,1900-01-01,2100-12-31
HK,Hong Kong,AA+,Aa3,AA-,2,2,4,2,AA+,1,1900-01-01,2100-12-31
HU,Hungary,BBB,Baa3,BBB,9,8,9,9,BBB,3,1900-01-01,2100-12-31
IS,Iceland,A,A2,A,7,6,7,7,A,2,1900-01-01,2100-12-31
IN,India,BBB-,Baa3,BBB-,10,8,10,10,BBB-,3,1900-01-01,2100-12-31
ID,Indonesia,BBB,Baa2,BBB,9,9,9,9,BBB,3,1900-01-01,2100-12-31
IQ,Iraq,B-,Caa1,B-,16,19,16,16,B-,5,1900-01-01,2100-12-31
IE,Ireland,AA-,A2,A+,4,6,5,5,A+,2,1900-01-01,2100-12-31
IM,Isle of Man,,Aa3,,,2,,2,AA+,1,1900-01-01,2100-12-31
IL,Israel,AA-,A1,A+,4,7,5,5,A+,2,1900-01-01,2100-12-31
IT,Italy,BBB,Baa3,BBB-,9,8,10,9,BBB,3,1900-01-01,2100-12-31
CI,Ivory Coast,,Ba3,B+,,11,14,14,B+,5,1900-01-01,2100-12-31
JM,Jamaica,B+,B2,B+,14,15,14,14,B+,5,1900-01-01,2100-12-31
JP,Japan,A+,A1,A,5,7,7,7,A,2,1900-01-01,2100-12-31
JO,Jordan,B+,B1,BB-,14,16,13,14,B+,5,1900-01-01,2100-12-31
KZ,Kazakhstan,BBB-,Baa3,BBB,10,8,9,9,BBB,3,1900-01-01,2100-12-31
KE,Kenya,B,B2,B+,15,15,14,15,B,5,1900-01-01,2100-12-31
KW,Kuwait,AA-,A1,AA,4,7,3,4,AA-,1,1900-01-01,2100-12-31
KG,Kyrgyzstan,,B2,,,15,,15,B,5,1900-01-01,2100-12-31
LA,Laos,,Caa2,CCC,,18,,18,CC+,5,1900-01-01,2100-12-31
LV,Latvia,A+,A3,A-,5,5,6,5,A+,2,1900-01-01,2100-12-31
LB,Lebanon,D,C,D,22,21,22,22,D,5,1900-01-01,2100-12-31
LS,Lesotho,,,B,,,15,15,B,5,1900-01-01,2100-12-31
LI,Liechtenstein,AAA,,,1,,,1,AAA,1,1900-01-01,2100-12-31
LT,Lithuania,A+,A2,A,5,6,7,6,A-,2,1900-01-01,2100-12-31
LU,Luxembourg,AAA,Aaa,AAA,1,1,1,1,AAA,1,1900-01-01,2100-12-31
MO,Macau,,Aa3,AA,,2,3,3,AA,1,1900-01-01,2100-12-31
MK,Macedonia,BB-,,BB+,13,,11,13,BB-,4,1900-01-01,2100-12-31
MY,Malaysia,A-,A3,BBB+,6,5,8,6,A-,2,1900-01-01,2100-12-31
MV,Maldives,,B3,CCC,,14,,14,B+,5,1900-01-01,2100-12-31
ML,Mali,,Caa1,,,19,,19,CC,5,1900-01-01,2100-12-31
MT,Malta,A-,A2,A+,6,6,5,6,A-,2,1900-01-01,2100-12-31
MU,Mauritius,,Baa2,,,9,,9,BBB,3,1900-01-01,2100-12-31
MX,Mexico,BBB,Baa1,BBB-,9,10,10,10,BBB-,3,1900-01-01,2100-12-31
MD,Moldova,,B3,,,14,,14,B+,5,1900-01-01,2100-12-31
MN,Mongolia,B,B3,B,15,14,15,15,B,5,1900-01-01,2100-12-31
ME,Montenegro,B,B1,,15,16,,16,B-,5,1900-01-01,2100-12-31
MS,Montserrat,BBB-,,,10,,,10,BBB-,3,1900-01-01,2100-12-31
MA,Morocco,BB+,Ba1,BB+,11,13,11,11,BB+,4,1900-01-01,2100-12-31
MZ,Mozambique,CCC+,Caa2,CCC,17,18,,18,CC+,5,1900-01-01,2100-12-31
NA,Namibia,,Ba3,BB,,11,12,12,BB,4,1900-01-01,2100-12-31
NL,Netherlands,AAA,Aaa,AAA,1,1,1,1,AAA,1,1900-01-01,2100-12-31
NZ,New Zealand,AA+,Aaa,AA,2,1,3,2,AA+,1,1900-01-01,2100-12-31
NI,Nicaragua,B-,B3,B-,16,14,16,16,B-,5,1900-01-01,2100-12-31
NE,Niger,,B3,,,14,,14,B+,5,1900-01-01,2100-12-31
NG,Nigeria,B-,B2,B,16,15,15,15,B,5,1900-01-01,2100-12-31
NO,Norway,AAA,Aaa,AAA,1,1,1,1,AAA,1,1900-01-01,2100-12-31
OM,Oman,B+,Ba3,BB-,14,11,13,13,BB-,4,1900-01-01,2100-12-31
PK,Pakistan,B-,B3,B-,16,14,16,16,B-,5,1900-01-01,2100-12-31
PA,Panama,BBB,Baa2,BBB-,9,9,10,9,BBB,3,1900-01-01,2100-12-31
PG,Papua New Guinea,B-,B2,,16,15,,16,B-,5,1900-01-01,2100-12-31
PY,Paraguay,BB,Ba1,BB+,12,13,11,12,BB,4,1900-01-01,2100-12-31
PE,Peru,BBB+,A3,BBB+,8,5,8,8,BBB+,3,1900-01-01,2100-12-31
PH,Philippines,BBB+,Baa2,BBB,8,9,9,9,BBB,3,1900-01-01,2100-12-31
PL,Poland,A-,A2,A-,6,6,6,6,A-,2,1900-01-01,2100-12-31
PT,Portugal,BBB,Baa3,BBB,9,8,9,9,BBB,3,1900-01-01,2100-12-31
PR,Puerto Rico,D,,,22,,,22,D,5,1900-01-01,2100-12-31
QA,Qatar,AA-,Aa3,AA-,4,2,4,4,AA-,1,1900-01-01,2100-12-31
CG,Republic of the Congo,CCC+,Caa2,CCC,17,18,,18,CC+,5,1900-01-01,2100-12-31
RO,Romania,BBB-,Baa3,BBB-,10,8,10,10,BBB-,3,1900-01-01,2100-12-31
RU,Russia,BBB-,Baa3,BBB,10,8,9,9,BBB,3,1900-01-01,2100-12-31
RW,Rwanda,B+,B2,B+,14,15,14,14,B+,5,1900-01-01,2100-12-31
SM,San Marino,,,BB+,,,11,11,BB+,4,1900-01-01,2100-12-31
SA,Saudi Arabia,A-,A1,A,6,7,7,7,A,2,1900-01-01,2100-12-31
SN,Senegal,B+,Ba3,,14,11,,14,B+,5,1900-01-01,2100-12-31
RS,Serbia,BB+,Ba2,BB+,11,12,11,11,BB+,4,1900-01-01,2100-12-31
SC,Seychelles,,,B,,,15,15,B,5,1900-01-01,2100-12-31
SG,Singapore,AAA,Aaa,AAA,1,1,1,1,AAA,1,1900-01-01,2100-12-31
SK,Slovakia,A+,A2,A,5,6,7,6,A-,2,1900-01-01,2100-12-31
SI,Slovenia,AA-,A3,A,4,5,7,5,A+,2,1900-01-01,2100-12-31
SB,Solomon Islands,,B3,,,14,,14,B+,5,1900-01-01,2100-12-31
ZA,South Africa,BB-,Ba2,BB-,13,12,13,13,BB-,4,1900-01-01,2100-12-31
KR,South Korea,AA,Aa2,AA-,3,3,4,3,AA,1,1900-01-01,2100-12-31
ES,Spain,A,Baa1,A-,7,10,6,7,A,2,1900-01-01,2100-12-31
LK,Sri Lanka,CCC+,Caa1,CCC,17,19,,19,CC,5,1900-01-01,2100-12-31
SR,Suriname,D,Caa3,D,22,17,22,22,D,5,1900-01-01,2100-12-31
SZ,Swaziland,,B3,,,14,,14,B+,5,1900-01-01,2100-12-31
SE,Sweden,AAA,Aaa,AAA,1,1,1,1,AAA,1,1900-01-01,2100-12-31
CH,Switzerland,AAA,Aaa,AAA,1,1,1,1,AAA,1,1900-01-01,2100-12-31
TW,Taiwan,AA,Aa3,AA-,3,2,4,3,AA,1,1900-01-01,2100-12-31
TJ,Tajikistan,B-,B3,,16,14,,16,B-,5,1900-01-01,2100-12-31
TZ,Tanzania,,B2,,,15,,15,B,5,1900-01-01,2100-12-31
TH,Thailand,BBB+,Baa1,BBB+,8,10,8,8,BBB+,3,1900-01-01,2100-12-31
TG,Togo,B,B3,,15,14,,15,B,5,1900-01-01,2100-12-31
TT,Trinidad and Tobago,BBB-,Ba1,,10,13,,13,BB-,4,1900-01-01,2100-12-31
TN,Tunisia,,B3,B,,14,15,15,B,5,1900-01-01,2100-12-31
TR,Turkey,B+,B2,BB-,14,15,13,14,B+,5,1900-01-01,2100-12-31
UG,Uganda,B,B2,B+,15,15,14,15,B,5,1900-01-01,2100-12-31
UA,Ukraine,B,B3,B,15,14,15,15,B,5,1900-01-01,2100-12-31
AE,United Arab Emirates,AA,Aa2,AA-,3,3,4,3,AA,1,1900-01-01,2100-12-31
GB,United Kingdom,AA,Aa3,AA-,3,2,4,3,AA,1,1900-01-01,2100-12-31
US,United States,AA+,Aaa,AAA,2,1,1,1,AAA,1,1900-01-01,2100-12-31
UY,Uruguay,BBB,Baa2,BBB-,9,9,10,9,BBB,3,1900-01-01,2100-12-31
UZ,Uzbekistan,BB-,B1,BB-,13,16,13,13,BB-,4,1900-01-01,2100-12-31
VE,Venezuela,D,,D,22,,22,22,D,5,1900-01-01,2100-12-31
VN,Vietnam,BB,Ba3,BB,12,11,12,12,BB,4,1900-01-01,2100-12-31
ZM,Zambia,D,Ca,D,22,20,22,22,D,5,1900-01-01,2100-12-31
